tree
version=v4
num_class=1
num_tree_per_iteration=1
label_index=0
max_feature_idx=17
objective=regression
feature_names=tap_latency_mean_ms tap_latency_std_ms sampling_interval_jitter_ms finger_lift_velocity_px_ms stroke_curvature_index stroke_hesitation_count faq_medication_compliance faq_cooking_stove_safety faq_financial_handling faq_orientation_time_space faq_transport_navigation faq_telephone_communication faq_remembering_appointments faq_personal_grooming faq_meal_preparation faq_home_safety_awareness age education_years
feature_infos=[150.24089276922939:511.91212090532838] [8:117.90056352616523] [0.20000000000000001:11.002943442581044] [0.90624580425216084:3.7678786334840844] [1:2.7293112181161465] [0:17] [0:3] [0:3] [0:3] [0:3] [0:3] [0:3] [0:3] [0:2] [0:3] [0:3] [50:95] [0:22]
tree_sizes=2147 2247 2261 2247 2258 2266 2259 2266 2283 2285 2268 2303 2275 2308 2298 2296 2274 2292 2285 2285 2275 2281 2310 2288 2284 2307 2286 2287 2302 2304 2306 2312 2300 2310 2309 2308 2319 2309 2329 2318 2326 2314 2313 2330 2324 2342 2313 2337 2333 2323 2321 2328 2337 2333 2343 2323 2338 2326 2051 2340 1893 2343 2147 2330 2065 2075 2161 1972 2319 1891 1962 1885 1705 1797 1967

Tree=0
num_leaves=24
num_cat=0
split_feature=9 9 9 8 8 0 0 0 7 7 12 7 7 1 1 8 15 14 1 1 12 7 0
split_gain=50.4441 13.0951 3.98229 2.38957 1.41466 1.00442 0.746182 0.445195 0.432163 0.35996 0.316503 0.286559 0.229697 0.218272 0.215116 0.137867 0.132116 0.125214 0.0993681 0.0941425 0.0879982 0.0871129 0.0836717
threshold=1.5000000000000002 1.0000000180025095e-35 2.5000000000000004 1.0000000180025095e-35 1.5000000000000002 318.3410563443914 258.78429148442541 418.65788194477801 1.5000000000000002 1.0000000180025095e-35 1.0000000180025095e-35 1.0000000180025095e-35 1.5000000000000002 36.97351717740279 84.577957918632521 1.0000000180025095e-35 1.5000000000000002 1.0000000180025095e-35 53.517035676039079 70.820381240250171 1.5000000000000002 1.0000000180025095e-35 379.2310563381057
decision_type=2 2 2 2 2 2 2 2 2 2 2 2 2 2 2 2 2 2 2 2 2 2 2
left_child=1 6 4 9 8 10 13 22 19 18 -5 15 -7 -1 -6 -8 -10 -11 -3 -2 -16 -15 -4
right_child=2 3 7 5 14 12 11 -9 16 17 -12 -13 -14 21 20 -17 -18 -19 -20 -21 -22 -23 -24
leaf_value=0.24712046884551359 0.26587894985604055 0.2520926287227252 0.27872801114405427 0.25823837742596112 0.27453271573981486 0.26402652033619389 0.25019946652063019 0.28889953228766707 0.27000880058813403 0.25593005733389601 0.261768044326052 0.25473729975325621 0.26864145576181453 0.24908020431992134 0.27706726231581086 0.25441203717860844 0.27350098571770315 0.25929099061449051 0.2560298141749518 0.26920992089537321 0.28111262610284032 0.25247848850626581 0.28289670122029542
leaf_weight=311 84 100 26 187 103 187 222 47 78 106 179 86 49 219 49 32 78 64 30 48 32 31 52
leaf_count=311 84 100 26 187 103 187 222 47 78 106 179 86 49 219 49 32 78 64 30 48 32 31 52
internal_value=0.259647 0.254642 0.274764 0.259753 0.272242 0.261933 0.249526 0.284287 0.269617 0.255378 0.259965 0.251744 0.264985 0.248182 0.276352 0.25073 0.271755 0.257195 0.253001 0.26709 0.278665 0.249502 0.281507
internal_weight=2400 1803 597 902 472 602 901 125 288 300 366 340 236 561 184 254 156 170 130 132 81 250 78
internal_count=2400 1803 597 902 472 602 901 125 288 300 366 340 236 561 184 254 156 170 130 132 81 250 78
is_linear=0
shrinkage=1


Tree=1
num_leaves=24
num_cat=0
split_feature=9 9 9 0 8 7 15 5 15 7 0 8 7 1 6 1 1 7 1 6 6 1 12
split_gain=44.5724 11.5709 3.51875 2.14274 1.25 0.714298 0.677633 0.490694 0.418607 0.381859 0.370425 0.250629 0.199143 0.190077 0.136912 0.126181 0.117145 0.114299 0.109683 0.105826 0.101848 0.0831843 0.0777553
threshold=1.5000000000000002 1.0000000180025095e-35 2.5000000000000004 307.36312287974846 1.5000000000000002 1.0000000180025095e-35 1.0000000180025095e-35 5.5000000000000009 2.5000000000000004 1.5000000000000002 253.30009095451462 1.0000000180025095e-35 1.5000000000000002 84.577957918632521 1.0000000180025095e-35 72.564992200412533 45.814920255876402 2.5000000000000004 36.539477170355475 1.0000000180025095e-35 1.0000000180025095e-35 70.820381240250171 1.5000000000000002
decision_type=2 2 2 2 2 2 2 2 2 2 2 2 2 2 2 2 2 2 2 2 2 2 2
left_child=1 6 4 5 9 19 10 14 17 21 18 -7 -9 -6 -5 -11 -12 -4 -1 -3 -8 -2 -15
right_child=2 3 8 7 13 11 20 12 -10 15 16 -13 -14 22 -16 -17 -18 -19 -20 -21 -22 -23 -24
leaf_value=-0.011985120318093142 0.0058576303131745331 -0.0069239716878270394 0.01905396425953278 -0.0025515847973635094 0.01399217032257793 -0.0030202936267796619 -0.0064097465036084518 0.0042932928331136542 0.028316933833635771 0.0092514904838849298 -0.0094177936773369268 0.00028085438071381451 0.0085903462828422067 0.016374643597067619 0.0017780288240013258 0.012748397488343088 -0.0070293973194556708 0.023527802930158728 -0.010121980598339667 -0.0037140554881751023 -0.0025543170650741335 0.0089887430891394619 0.020177286900579929
leaf_weight=273 84 102 52 34 103 131 74 187 39 61 207 225 49 49 116 95 115 34 195 58 37 48 32
leaf_count=273 84 102 52 34 103 131 74 187 39 61 207 225 49 49 116 95 115 34 195 58 37 48 32
internal_value=1.06237e-11 -0.00470509 0.0142098 9.88289e-05 0.0118393 -0.00243048 -0.00951434 0.00347997 0.0231609 0.00937132 -0.0101311 -0.000933894 0.00518548 0.0157023 0.00079665 0.011381 -0.00856479 0.0208227 -0.0112088 -0.00576038 -0.0051246 0.00699622 0.0178769
internal_weight=2400 1803 597 902 472 516 901 386 125 288 790 356 236 184 150 156 322 86 468 160 111 132 81
internal_count=2400 1803 597 902 472 516 901 386 125 288 790 356 236 184 150 156 322 86 468 160 111 132 81
is_linear=0
shrinkage=0.06


Tree=2
num_leaves=24
num_cat=0
split_feature=9 6 9 9 12 6 15 1 6 1 1 15 10 4 10 1 15 13 15 5 10 1 11
split_gain=39.3842 10.2717 3.10917 1.44503 1.29782 1.12654 0.490484 0.39646 0.383876 0.344949 0.27912 0.225833 0.225659 0.15692 0.140207 0.138091 0.137535 0.116731 0.115807 0.10593 0.0911317 0.0892062 0.0774617
threshold=1.5000000000000002 1.0000000180025095e-35 2.5000000000000004 1.0000000180025095e-35 1.0000000180025095e-35 1.5000000000000002 1.0000000180025095e-35 61.993688192835485 2.5000000000000004 36.97351717740279 84.577957918632521 1.5000000000000002 1.0000000180025095e-35 1.7922659368636149 1.0000000180025095e-35 49.300191838160337 1.0000000180025095e-35 1.0000000180025095e-35 1.0000000180025095e-35 3.5000000000000004 1.5000000000000002 84.577957918632521 1.0000000180025095e-35
decision_type=2 2 2 2 2 2 2 2 2 2 2 2 2 2 2 2 2 2 2 2 2 2 2
left_child=1 3 5 9 6 11 19 14 21 -1 17 22 18 -9 -6 -8 -11 -7 -5 -3 -12 -4 -2
right_child=2 4 8 12 7 10 15 13 -10 16 20 -13 -14 -15 -16 -17 -18 -19 -20 -21 -22 -23 -24
leaf_value=-0.010786221621055452 0.0045857692590874173 -0.0064789668690147144 0.016757998228073119 -0.0066603844669562845 -0.0010986550226259756 0.0088264426828495099 -0.0024642028588549056 0.0037336404035600381 0.026362845232320384 -0.0087494866060123921 0.014778506755828856 0.010786212274561757 -0.0015694029256739265 0.007286689943323532 0.0025689762311948226 0.00087161282430355165 -0.0057321920385584235 0.013080648290102971 -0.003510617225067964 -0.0030100048689988171 0.018594694123035521 0.020866593787303336 0.0075516017942744134
leaf_weight=378 46 56 30 110 51 28 59 89 43 362 50 69 77 90 142 184 64 136 68 73 41 52 102
leaf_count=378 46 56 30 110 51 28 59 89 43 362 50 69 77 90 142 184 64 136 68 73 41 52 102
internal_value=1.74582e-11 -0.00442278 0.0133573 -0.00821867 0.000980236 0.011129 -0.00152571 0.00348618 0.0217712 -0.00946687 0.013833 0.00795142 -0.00428317 0.00552009 0.00159981 6.16823e-05 -0.00829618 0.0123543 -0.0054571 -0.00451591 0.0164979 0.0193634 0.00662979
internal_weight=2400 1803 597 1059 744 472 372 372 125 804 255 217 255 179 193 243 426 164 178 129 91 82 148
internal_count=2400 1803 597 1059 744 472 372 372 125 804 255 217 255 179 193 243 426 164 178 129 91 82 148
is_linear=0
shrinkage=0.06


Tree=3
num_leaves=24
num_cat=0
split_feature=9 7 9 0 15 9 6 0 5 0 10 1 1 15 1 0 4 6 14 5 6 1 7
split_gain=34.7998 9.14809 2.74726 1.60809 1.00993 0.873409 0.462952 0.346203 0.302836 0.286172 0.242785 0.202314 0.166325 0.160302 0.135316 0.131921 0.12147 0.120865 0.109733 0.07499 0.0733711 0.0711024 0.0693782
threshold=1.5000000000000002 1.0000000180025095e-35 2.5000000000000004 307.95354261471448 1.5000000000000002 1.0000000180025095e-35 1.0000000180025095e-35 418.65788194477801 6.5000000000000009 245.04128348909157 1.5000000000000002 72.564992200412533 55.04977413982143 1.0000000180025095e-35 48.919430353815898 267.09749064226111 1.8395130282065772 1.5000000000000002 1.0000000180025095e-35 1.5000000000000002 1.0000000180025095e-35 81.877478904319233 1.5000000000000002
decision_type=2 2 2 2 2 2 2 2 2 2 2 2 2 2 2 2 2 2 2 2 2 2 2
left_child=1 5 4 6 11 9 15 -4 18 19 17 -2 20 -8 -11 -3 -10 -6 -5 -1 -7 -12 -13
right_child=2 3 7 8 10 12 13 -9 16 14 21 22 -14 -15 -16 -17 -18 -19 -20 -21 -22 -23 -24
leaf_value=-0.011070483708703839 0.0059192654186682328 -0.0066123048655156577 0.018013855310586784 0.0002585608363236732 0.0094448931701481345 -0.0064978506663814183 -0.0026062642745846125 0.024532769037053939 0.0039924754108069463 -0.008521913604847357 0.013747942035014813 0.0070947880570643709 -0.0016680991799430042 0.00053372639106692504 -0.0059399976333952501 -0.0031165753162234991 0.0073250191275562558 0.012869140042500062 0.0031365475138208192 -0.009368942704725455 -0.0035577053136446259 0.017213405998463324 0.010659099089151079
leaf_weight=185 126 56 78 82 56 100 81 47 90 306 39 28 53 211 96 127 70 110 114 188 44 47 66
leaf_count=185 126 56 78 82 56 100 81 47 90 306 39 28 53 211 96 127 70 110 114 188 44 47 66
internal_value=-4.43833e-13 -0.00415742 0.0125558 0.00046481 0.0104612 -0.00810914 -0.00182018 0.020465 0.0035136 -0.00901593 0.0130544 0.00749083 -0.00454179 -0.000337298 -0.00790534 -0.00418631 0.00545046 0.011714 0.00193249 -0.0102129 -0.00559947 0.0156419 0.00959739
internal_weight=2400 1803 597 831 472 972 475 125 356 775 252 220 197 292 402 183 160 166 196 373 144 86 94
internal_count=2400 1803 597 831 472 972 475 125 356 775 252 220 197 292 402 183 160 166 196 373 144 86 94
is_linear=0
shrinkage=0.06


Tree=4
num_leaves=24
num_cat=0
split_feature=9 7 8 0 7 9 8 7 0 5 12 0 14 1 9 5 1 15 12 1 4 5 8
split_gain=30.7491 8.08325 2.54622 1.43239 0.933761 0.771744 0.476353 0.324061 0.260931 0.246142 0.206851 0.178575 0.166958 0.147488 0.121404 0.114514 0.105882 0.0962777 0.089363 0.0861372 0.0760836 0.0660887 0.0637581
threshold=1.5000000000000002 1.0000000180025095e-35 1.5000000000000002 312.52570738494546 2.5000000000000004 1.0000000180025095e-35 1.0000000180025095e-35 1.5000000000000002 272.8184307850068 6.5000000000000009 1.5000000000000002 424.4358476176663 1.0000000180025095e-35 48.919430353815898 1.0000000180025095e-35 1.5000000000000002 72.564992200412533 1.5000000000000002 1.0000000180025095e-35 56.624052631964034 2.2215068602314574 5.5000000000000009 1.0000000180025095e-35
decision_type=2 2 2 2 2 2 2 2 2 2 2 2 2 2 2 2 2 2 2 2 2 2 2
left_child=1 5 7 6 10 8 14 21 15 19 17 -6 -8 -7 -3 -1 -9 -4 -11 -5 -12 -2 -10
right_child=2 3 4 9 11 13 12 16 22 18 20 -13 -14 -15 -16 -17 -18 -19 -20 -21 -22 -23 -24
leaf_value=-0.0099395403402912259 0.0035073986130363835 -0.0053814720301722579 0.0098752010996277263 -0.0001947495349767533 0.018769943586417606 -0.0057904097170762298 -0.0012939272334395184 0.0076792445357592269 -0.006807260114313444 0.0027230233030224385 0.014964627507256299 0.024572891848427911 0.00157193808931149 -0.0024974278718582353 -0.0025000276938117942 -0.0083014054446568231 0.010811842427087518 0.01337950658647954 0.0062792790781807254 0.0028920514082629231 0.019164217543601991 0.0064964898550196699 -0.0035874505714228789
leaf_weight=272 37 84 37 44 42 106 151 62 123 33 41 35 142 91 141 353 104 119 111 125 25 95 27
leaf_count=272 37 84 37 44 42 106 151 62 123 33 41 35 142 91 141 353 104 119 111 125 25 95 27
internal_value=3.58923e-12 -0.00390797 0.0118025 0.000436922 0.0157143 -0.00762259 -0.00149945 0.00787747 -0.00847497 0.00364152 0.0137396 0.0214076 9.49904e-05 -0.00426929 -0.00357577 -0.00901432 0.00964184 0.0125484 0.0054643 0.00208839 0.0165554 0.00565864 -0.00622769
internal_weight=2400 1803 597 831 299 972 518 298 775 313 222 77 293 197 225 625 166 156 144 169 66 132 150
internal_count=2400 1803 597 831 299 972 518 298 775 313 222 77 293 197 225 625 166 156 144 169 66 132 150
is_linear=0
shrinkage=0.06


Tree=5
num_leaves=24
num_cat=0
split_feature=9 8 8 9 0 7 7 4 0 1 12 9 0 7 5 5 13 5 1 13 4 1 10
split_gain=27.1699 7.18357 2.24984 1.28024 0.880993 0.825071 0.28634 0.274952 0.274539 0.21527 0.19816 0.187986 0.157789 0.110494 0.103038 0.100934 0.0958016 0.0893963 0.0869692 0.0860196 0.0763382 0.0638364 0.059968
threshold=1.5000000000000002 1.0000000180025095e-35 1.5000000000000002 1.0000000180025095e-35 300.74716311431189 2.5000000000000004 1.5000000000000002 1.7922659368636149 255.59449421760689 49.787752202215579 1.0000000180025095e-35 2.5000000000000004 424.4358476176663 1.0000000180025095e-35 4.5000000000000009 4.5000000000000009 1.0000000180025095e-35 8.5000000000000018 36.539477170355475 1.0000000180025095e-35 1.3999273981153013 70.820381240250171 1.0000000180025095e-35
decision_type=2 2 2 2 2 2 2 2 2 2 2 2 2 2 2 2 2 2 2 2 2 2 2
left_child=1 3 6 8 10 11 21 15 18 20 14 17 -7 -10 -3 -6 -8 -4 -1 -9 -5 -2 -11
right_child=2 4 5 9 7 12 16 19 13 22 -12 -13 -14 -15 -16 -17 -18 -19 -20 -21 -22 -23 -24
leaf_value=-0.0094436370083805527 0.0043216966485904 -0.0037378022660358016 0.0098478971684680255 -0.0067493703216314318 -0.00025013678858131378 0.017643747095550808 0.0061696328366683279 0.0036112051416563274 -0.0070230510486616006 -0.0027782929676596992 0.00077175607693926341 0.016072152428902111 0.023098518439701624 -0.004123741735238582 -0.00093953103822874749 0.0025112904333390441 0.0097813097521998824 0.012850355185380502 -0.0078491119544850576 0.0064131836946073328 -0.0039154578797080406 0.0070646113943075755 -0.00033320034977377333
leaf_weight=283 84 104 51 51 67 42 33 82 257 77 106 52 35 58 87 165 133 119 218 76 104 48 68
leaf_count=283 84 104 51 51 67 42 33 82 257 77 106 52 35 58 87 165 133 119 218 76 104 48 68
internal_value=-1.75558e-11 -0.00367349 0.0110943 -0.00664495 0.00115351 0.0147715 0.00740482 0.00302852 -0.00787715 -0.00329337 -0.00130863 0.0129153 0.0201232 -0.00648921 -0.0024632 0.00171381 0.00906333 0.0119496 -0.00874981 0.00495899 -0.00484791 0.00531912 -0.00163163
internal_weight=2400 1803 597 1116 687 299 298 390 816 300 297 222 77 315 191 232 166 170 501 158 155 132 145
internal_count=2400 1803 597 1116 687 299 298 390 816 300 297 222 77 315 191 232 166 170 501 158 155 132 145
is_linear=0
shrinkage=0.06


Tree=6
num_leaves=24
num_cat=0
split_feature=9 6 0 0 0 6 7 7 5 5 5 4 8 0 4 7 0 4 10 10 4 4 5
split_gain=24.0074 6.52696 1.99401 0.925376 0.867366 0.574185 0.482013 0.299442 0.276992 0.195398 0.163103 0.131463 0.129656 0.127551 0.111733 0.0998385 0.0943224 0.0906275 0.0769787 0.0673041 0.0638608 0.0499947 0.0465704
threshold=1.5000000000000002 1.0000000180025095e-35 382.17268740417177 312.52570738494546 267.09749064226111 1.5000000000000002 2.5000000000000004 1.0000000180025095e-35 5.5000000000000009 5.5000000000000009 2.5000000000000004 2.2104271309940842 1.5000000000000002 267.92008392431399 1.796533336725471 1.5000000000000002 424.4358476176663 1.5816162735201977 1.0000000180025095e-35 1.0000000180025095e-35 1.3999273981153013 1.4638803286556581 8.5000000000000018
decision_type=2 2 2 2 2 2 2 2 2 2 2 2 2 2 2 2 2 2 2 2 2 2 2
left_child=1 4 5 8 10 14 11 19 13 -5 21 22 -7 -3 -2 -11 -8 -10 -9 -6 -12 -1 -4
right_child=2 3 6 9 7 12 16 18 17 15 20 -13 -14 -15 -16 -17 -18 -19 -20 -21 -22 -23 -24
leaf_value=-0.0088698644378989652 0.0038641404715200806 -0.0040489482003348799 0.0099644887612925625 0.0012827547373485133 -0.0060412308181438477 0.0087194093666744955 0.017167796396440074 -0.003229793663307068 -0.00083861466245520311 0.0037107752199179583 -0.0074838130689900495 0.016294018521502213 0.011760200120291662 -0.0012291553339829468 0.0068098742844111566 0.0068423423264175652 0.021712607400757925 0.0019477666202212937 -0.00050000412453970816 -0.0029462822550678914 -0.0056126275489805262 -0.0071438192586238316 0.012929056653609642
leaf_weight=329 73 88 27 107 198 99 31 107 68 155 145 37 103 168 127 48 35 110 57 29 120 74 65
leaf_count=329 73 88 27 107 198 99 31 107 68 155 145 37 103 168 127 48 35 110 57 29 120 74 65
internal_value=4.34311e-12 -0.00345308 0.0104287 0.000853871 -0.00647893 0.00801358 0.0154074 -0.00423451 -0.000934509 0.0033576 -0.00779266 0.0132737 0.0102699 -0.00219846 0.00573468 0.00445124 0.0195779 0.000883306 -0.00228103 -0.00564584 -0.00663648 -0.00855292 0.012059
internal_weight=2400 1803 597 744 1059 402 195 391 434 310 668 129 202 256 200 203 66 178 164 227 265 403 92
internal_count=2400 1803 597 744 1059 402 195 391 434 310 668 129 202 256 200 203 66 178 164 227 265 403 92
is_linear=0
shrinkage=0.06


Tree=7
num_leaves=24
num_cat=0
split_feature=9 6 8 9 10 7 5 1 1 1 10 15 1 15 7 1 11 15 4 4 15 1 5
split_gain=21.2129 5.76722 1.77935 0.771987 0.763316 0.645883 0.369305 0.24622 0.214151 0.167302 0.160379 0.148747 0.133995 0.129565 0.0988042 0.0961505 0.0872121 0.0806998 0.0785711 0.0726146 0.0638755 0.0636009 0.0461834
threshold=1.5000000000000002 1.0000000180025095e-35 1.5000000000000002 1.0000000180025095e-35 1.0000000180025095e-35 2.5000000000000004 6.5000000000000009 72.564992200412533 36.97351717740279 46.693068013675024 1.5000000000000002 1.0000000180025095e-35 56.624052631964034 2.5000000000000004 1.0000000180025095e-35 60.919619596259245 1.0000000180025095e-35 1.5000000000000002 1.6950207949299647 2.2404679393003186 1.5000000000000002 45.814920255876402 2.5000000000000004
decision_type=2 2 2 2 2 2 2 2 2 2 2 2 2 2 2 2 2 2 2 2 2 2 2
left_child=1 3 7 8 9 10 12 18 22 -3 20 21 -6 -7 -10 -8 -11 -9 -2 -12 -4 -5 -1
right_child=2 4 5 11 6 13 15 17 14 16 19 -13 -14 -15 -16 -17 -18 -19 -20 -21 -22 -23 -24
leaf_value=-0.0084916089972819145 0.0024004382403897276 -0.004009063268463839 0.0077026195517357655 -0.0060580054885250026 -0.00075423525172638986 0.015732651948928832 0.0026880430442476856 0.0068245070176603997 -0.0064818350892482685 -0.0016990093548650829 0.011967823369347531 -0.0016766594832079136 0.0018971364196191383 0.020726773124188184 -0.0040016440844730192 0.0053331571851189417 0.001163084607595872 0.009667746770381928 0.005602654456082037 0.015262331978694811 0.010795769511563021 -0.003432475698799336 -0.0070636466765353657
leaf_weight=259 36 85 34 59 116 45 88 69 357 117 69 120 168 32 69 113 57 75 118 37 82 76 119
leaf_count=259 36 85 34 59 116 45 88 69 357 117 69 120 168 32 69 113 57 75 118 37 82 76 119
internal_value=-2.69156e-12 -0.0032459 0.00980294 -0.0060902 0.000802639 0.0130731 0.00220706 0.00652182 -0.00700252 -0.00182725 0.0114308 -0.00321368 0.000814182 0.0178081 -0.00608011 0.0041751 -0.000761427 0.00830536 0.00485408 0.0131178 0.00988916 -0.00457993 -0.00804207
internal_weight=2400 1803 597 1059 744 299 485 298 804 259 222 255 284 77 426 201 174 144 154 106 116 135 378
internal_count=2400 1803 597 1059 744 299 485 298 804 259 222 255 284 77 426 201 174 144 154 106 116 135 378
is_linear=0
shrinkage=0.06


Tree=8
num_leaves=24
num_cat=0
split_feature=0 7 15 7 14 12 1 10 7 6 5 6 0 0 5 6 4 5 12 15 5 13 0
split_gain=18.8685 3.49291 3.25304 0.779386 0.56387 0.471607 0.351444 0.261575 0.211482 0.182561 0.177801 0.124283 0.114924 0.113676 0.104073 0.0842814 0.0841738 0.0734393 0.072391 0.0642619 0.0640086 0.0538683 0.0492559
threshold=318.3410563443914 1.0000000180025095e-35 1.5000000000000002 2.5000000000000004 1.0000000180025095e-35 1.0000000180025095e-35 43.259200739489188 1.5000000000000002 1.5000000000000002 1.0000000180025095e-35 5.5000000000000009 1.0000000180025095e-35 418.65788194477801 239.59376157940002 8.5000000000000018 1.0000000180025095e-35 1.8522208232150805 11.500000000000002 1.0000000180025095e-35 1.0000000180025095e-35 3.5000000000000004 1.0000000180025095e-35 267.09749064226111
decision_type=2 2 2 2 2 2 2 2 2 2 2 2 2 2 2 2 2 2 2 2 2 2 2
left_child=1 6 5 7 9 15 13 14 21 22 -6 19 -5 -1 -4 -2 -12 -9 -11 -8 -15 -7 -3
right_child=2 4 3 12 10 8 11 17 -10 18 16 -13 -14 20 -16 -17 -18 -19 -20 -21 -22 -23 -24
leaf_value=-0.0079225783445711784 -0.0021059397510252895 -0.0050831698267808497 0.0069628797976087915 0.014391356047831084 -0.00019012703962021003 0.0028488388682907338 -0.0057434072402409381 0.011210927764574686 0.006986609109539966 -0.0017372233106962534 0.0019755057059623049 -0.0026428646866669763 0.019027717801240775 -0.0068016012983584621 0.0097964378916903551 0.0015466711852947441 0.0049780664299713803 0.014437289680983569 0.00064510867572263684 -0.0032953028194606304 -0.004852178279543296 0.0048511189472375676 -0.002816718236091688
leaf_weight=290 30 53 79 38 122 102 216 81 122 121 118 83 39 218 114 94 47 37 74 47 84 92 99
leaf_count=290 30 53 79 38 122 102 216 81 122 121 118 83 39 218 114 94 47 37 74 47 84 92 99
internal_value=3.60365e-13 -0.00386103 0.00733036 0.0113353 -0.000420892 0.00379877 -0.00618624 0.00999719 0.00502927 -0.00204821 0.00154663 -0.00466709 0.0167396 -0.00707412 0.00863659 0.000662975 0.00283078 0.0122226 -0.000833159 -0.00530591 -0.00625938 0.00379837 -0.00360699
internal_weight=2400 1572 828 388 634 440 938 311 316 347 287 346 77 592 193 124 165 118 195 263 302 194 152
internal_count=2400 1572 828 388 634 440 938 311 316 347 287 346 77 592 193 124 165 118 195 263 302 194 152
is_linear=0
shrinkage=0.06


Tree=9
num_leaves=24
num_cat=0
split_feature=12 6 15 1 0 0 1 15 10 7 10 15 6 7 8 0 11 7 4 1 4 4 4
split_gain=16.6856 4.10163 1.96809 0.754116 0.656244 0.371739 0.265739 0.229024 0.206223 0.196324 0.177393 0.152713 0.0897545 0.085502 0.0763965 0.0701286 0.0618536 0.0597935 0.0559214 0.0540439 0.0424457 0.0403595 0.0400229
threshold=1.0000000180025095e-35 1.5000000000000002 1.0000000180025095e-35 88.620667467659118 318.3410563443914 251.80604439136468 56.93629278842522 2.5000000000000004 1.0000000180025095e-35 1.5000000000000002 1.0000000180025095e-35 1.5000000000000002 1.0000000180025095e-35 1.0000000180025095e-35 1.0000000180025095e-35 382.17268740417177 1.0000000180025095e-35 2.5000000000000004 1.7055161688447777 32.766580596164729 1.5816162735201977 1.3201877736797716 1.7100340709110957
decision_type=2 2 2 2 2 2 2 2 2 2 2 2 2 2 2 2 2 2 2 2 2 2 2
left_child=2 4 5 11 8 19 12 17 20 18 13 -3 -4 -7 -8 -13 -10 -5 -6 -1 -2 -21 -16
right_child=1 3 6 7 9 10 14 -9 16 -11 -12 15 -14 -15 22 -17 -18 -19 -20 21 -22 -23 -24
leaf_value=-0.0076960413501812857 -0.0022859650180353558 0.0064903161269612613 -0.0033916322002187369 0.011672989758460418 0.0021077480298508679 -0.005547051585838775 -0.0012754085571059285 0.018124807524053675 0.0010199575027767217 0.0066057851369015312 -0.0019691228933100186 0.0088054723374363843 -0.0010363906576571151 -0.003356035270684515 0.00057590044746175413 0.011293700410694371 0.0031997639023964956 0.014881554603576659 0.0042501540616975992 -0.0071051877100641522 4.2474880020188936e-05 -0.0056468881728987275 0.0026100468974461989
leaf_weight=208 63 80 117 69 67 323 47 38 106 119 77 123 116 80 75 61 84 30 127 144 51 130 65
leaf_count=208 63 80 117 69 67 323 47 38 106 119 77 123 116 80 75 61 84 30 127 144 51 130 65
internal_value=-5.4988e-12 0.00582904 -0.00429375 0.0105532 0.00275871 -0.00578984 -0.000867002 0.0141652 0.000773178 0.00468715 -0.00460792 0.00867884 -0.00221907 -0.00511211 0.000817654 0.00963037 0.00198366 0.0126453 0.00351025 -0.00696684 -0.00124429 -0.00641329 0.00152033
internal_weight=2400 1018 1382 401 617 962 420 137 304 313 480 264 233 403 187 184 190 99 194 482 114 274 140
internal_count=2400 1018 1382 401 617 962 420 137 304 313 480 264 233 403 187 184 190 99 194 482 114 274 140
is_linear=0
shrinkage=0.06


Tree=10
num_leaves=24
num_cat=0
split_feature=0 7 8 7 6 8 1 5 12 12 5 11 8 4 5 6 1 6 0 7 0 5 1
split_gain=14.7782 2.75276 2.56162 0.554433 0.471743 0.458706 0.284052 0.212747 0.201817 0.169454 0.109778 0.0938279 0.0899406 0.0896307 0.0672876 0.0669243 0.064072 0.0570073 0.0558966 0.053359 0.0462121 0.0454815 0.0383768
threshold=318.3410563443914 1.0000000180025095e-35 1.5000000000000002 1.5000000000000002 2.5000000000000004 1.0000000180025095e-35 45.962669700574217 6.5000000000000009 1.0000000180025095e-35 1.5000000000000002 1.5000000000000002 1.0000000180025095e-35 1.0000000180025095e-35 2.0133635163889645 6.5000000000000009 1.5000000000000002 49.300191838160337 1.0000000180025095e-35 232.01269266267721 1.5000000000000002 391.35706741046715 4.5000000000000009 100.45517015805736
decision_type=2 2 2 2 2 2 2 2 2 2 2 2 2 2 2 2 2 2 2 2 2 2 2
left_child=1 6 3 8 9 16 10 11 17 15 -1 -7 21 -5 -10 -4 -3 -2 -12 -9 -11 -8 -6
right_child=2 5 4 13 22 7 12 19 14 20 18 -13 -14 -15 -16 -17 -18 -19 -20 -21 -22 -23 -24
leaf_value=-0.0070495039668950167 -0.0018084702370688318 -0.00350340837230096 0.006581164655777124 0.005405172831586761 0.014493530023097992 -0.00094963263591551898 -0.0048772942741063365 0.0021577192976998181 0.0024232644565156938 0.010558359252439963 -0.0065390400922908558 0.0014256672638949456 -0.0018557416424513436 0.0080068227155021873 0.004531639995925033 0.0094150525830112974 -0.0015005450519156116 0.0012385037143914296 -0.0050197274186531173 0.005053611487664025 0.013450629323027853 -0.0025127560393108676 0.017785940972658305
leaf_weight=275 30 115 39 112 25 175 157 109 102 37 127 91 65 83 117 130 115 84 278 29 43 36 26
leaf_count=275 30 115 39 112 25 175 157 109 102 37 127 91 65 83 117 130 115 84 278 29 43 36 26
internal_value=1.23691e-13 -0.00341701 0.00648736 0.00397178 0.0109148 -0.000363026 -0.00548121 0.000854693 0.00248395 0.00983799 -0.00612435 -0.00013703 -0.00378611 0.00651254 0.00354966 0.00876108 -0.00250198 0.000436668 -0.00549615 0.00276628 0.012113 -0.00443624 0.016172
internal_weight=2400 1572 828 528 300 634 938 404 333 249 680 266 258 195 219 169 230 114 405 138 80 193 51
internal_count=2400 1572 828 528 300 634 938 404 333 249 680 266 258 195 219 169 230 114 405 138 80 193 51
is_linear=0
shrinkage=0.06


Tree=11
num_leaves=24
num_cat=0
split_feature=9 8 0 9 1 15 6 10 0 11 15 5 5 5 7 5 5 10 6 5 10 5 11
split_gain=13.1377 3.60594 1.1392 0.628757 0.438096 0.344284 0.271766 0.162772 0.148017 0.115422 0.109238 0.0885967 0.0820263 0.0750545 0.0682658 0.0680133 0.0673022 0.0405641 0.0400509 0.0391309 0.0387583 0.0380058 0.0340663
threshold=1.5000000000000002 1.0000000180025095e-35 382.17268740417177 1.0000000180025095e-35 59.448783001153423 1.5000000000000002 2.5000000000000004 1.0000000180025095e-35 240.32519238635777 1.0000000180025095e-35 1.0000000180025095e-35 11.500000000000002 8.5000000000000018 2.5000000000000004 1.5000000000000002 6.5000000000000009 5.5000000000000009 1.0000000180025095e-35 1.5000000000000002 4.5000000000000009 1.0000000180025095e-35 1.0000000180025095e-35 1.0000000180025095e-35
decision_type=2 2 2 2 2 2 2 2 2 2 2 2 2 2 2 2 2 2 2 2 2 2 2
left_child=1 3 5 8 7 16 11 19 21 17 20 -4 -7 -10 -11 -9 -2 -6 -18 -3 -5 -1 -12
right_child=2 4 6 10 9 12 -8 15 13 14 22 -13 -14 -15 -16 -17 18 -19 -20 -21 -22 -23 -24
leaf_value=-0.0073436947860594445 0.0019083812576718628 -0.0028377858418094913 0.0091828252533168505 -0.0039879194685136492 -0.00055680230752165822 0.0058986512955222555 0.015452657259525136 -0.00024834716807649191 -0.0055523582375435919 0.0028105207059045578 -0.0017019542856645342 0.012302255156088848 0.0084604511926644043 -0.0040280351745624575 0.0055166350305080412 0.0020576522346507286 0.0039944189987233224 0.0017808497665899154 0.0060273914784193033 -0.00094915542299006607 -0.0017075962634491067 -0.006015464041191034 0.00035946018313272641
leaf_weight=116 40 89 99 115 35 67 47 131 243 132 111 49 137 223 45 71 106 113 52 71 35 234 39
leaf_count=116 40 89 99 115 35 67 47 131 243 132 111 49 137 223 45 71 106 113 52 71 35 234 39
internal_value=3.80533e-12 -0.00255443 0.00771465 -0.00465971 0.000865491 0.0058892 0.0114779 -0.000570147 -0.00552324 0.00246457 -0.00231092 0.0102156 0.00761908 -0.00482291 0.00349852 0.000562177 0.00410691 0.00122803 0.0046635 -0.00199971 -0.00345584 -0.00645568 -0.00116599
internal_weight=2400 1803 597 1116 687 402 195 362 816 325 300 148 204 466 177 202 198 148 158 160 150 350 150
internal_count=2400 1803 597 1116 687 402 195 362 816 325 300 148 204 466 177 202 198 148 158 160 150 350 150
is_linear=0
shrinkage=0.06


Tree=12
num_leaves=24
num_cat=0
split_feature=14 6 8 9 0 15 5 15 10 0 4 15 4 0 5 5 11 5 4 5 4 0 14
split_gain=11.7029 2.96727 1.29278 0.537742 0.465557 0.296057 0.159509 0.147113 0.136697 0.13287 0.120434 0.108783 0.0732578 0.0633043 0.0608098 0.0514241 0.0465543 0.0419989 0.0403415 0.0382916 0.0371327 0.0356811 0.0354331
threshold=1.0000000180025095e-35 1.5000000000000002 1.0000000180025095e-35 2.5000000000000004 325.33365633241152 1.0000000180025095e-35 5.5000000000000009 2.5000000000000004 1.0000000180025095e-35 255.59449421760689 2.117127822926316 1.5000000000000002 1.5854757284786667 277.49804566881181 8.5000000000000018 1.5000000000000002 1.0000000180025095e-35 3.5000000000000004 1.6658564130541602 4.5000000000000009 1.5501738403569314 391.35706741046715 1.5000000000000002
decision_type=2 2 2 2 2 2 2 2 2 2 2 2 2 2 2 2 2 2 2 2 2 2 2
left_child=2 4 5 10 6 9 18 21 19 15 14 16 -8 -10 -3 -1 -6 -11 -2 -4 -7 -5 -12
right_child=1 3 8 7 11 20 12 -9 13 17 22 -13 -14 -15 -16 -17 -18 -19 -20 -21 -22 -23 -24
leaf_value=-0.0064700174957899185 -0.0011643025161277615 0.0051598359494911209 -0.0026676403661361234 0.0091466640075668695 0.0021597766940888233 -0.0031492561662351992 0.00016591741844207387 0.015184885332217584 -0.002152446575391178 -0.0047798210541633041 0.0082323531399015326 0.0060204750936674444 0.0027582296893938723 0.0010369074105229055 0.0073881470390728538 -0.0052620738396986517 0.0040423705548986444 -0.0033954464701549491 0.00078227745529649588 -0.00076512060199013872 -0.0012841992118311199 0.011702596387442421 0.010629195045022403
leaf_weight=232 113 76 85 32 74 92 55 39 26 220 64 76 137 162 105 280 131 123 58 69 66 51 34
leaf_count=232 113 76 85 32 74 92 55 39 26 220 64 76 137 162 105 280 131 123 58 69 66 51 34
internal_value=-2.43626e-12 0.00477095 -0.00367944 0.0088227 0.00224804 -0.00475628 0.000828674 0.0121454 -0.000489846 -0.00519722 0.00736977 0.0040816 0.00201564 0.000595827 0.0064525 -0.00580942 0.0033628 -0.00428338 -0.000504059 -0.00181521 -0.00237018 0.0107172 0.00906391
internal_weight=2400 1045 1355 401 644 1013 363 122 342 855 279 281 192 188 181 512 205 343 171 154 158 83 98
internal_count=2400 1045 1355 401 644 1013 363 122 342 855 279 281 192 188 181 512 205 343 171 154 158 83 98
is_linear=0
shrinkage=0.06


Tree=13
num_leaves=24
num_cat=0
split_feature=12 6 15 9 4 4 6 13 15 8 9 14 4 15 5 3 13 14 5 5 10 12 14
split_gain=10.4509 2.4909 1.21747 0.474732 0.390522 0.225384 0.167139 0.163142 0.129989 0.104586 0.0968696 0.0706237 0.0700725 0.062083 0.0479406 0.0459572 0.0450473 0.0439014 0.0343007 0.0321706 0.0306644 0.0283309 0.0254581
threshold=1.0000000180025095e-35 1.5000000000000002 1.0000000180025095e-35 2.5000000000000004 1.6397902669618232 1.3944217748167782 1.0000000180025095e-35 1.0000000180025095e-35 2.5000000000000004 1.5000000000000002 1.0000000180025095e-35 1.0000000180025095e-35 1.7125859048432288 1.5000000000000002 1.0000000180025095e-35 2.5670630230078735 1.0000000180025095e-35 1.5000000000000002 2.5000000000000004 4.5000000000000009 1.0000000180025095e-35 1.5000000000000002 1.0000000180025095e-35
decision_type=2 2 2 2 2 2 2 2 2 2 2 2 2 2 2 2 2 2 2 2 2 2 2
left_child=2 4 5 9 11 14 20 15 21 16 18 -2 19 -9 -1 -6 -3 -11 -7 -8 -4 -5 -12
right_child=1 3 6 8 7 10 12 13 -10 17 22 -13 -14 -15 -16 -17 -18 -19 -20 -21 -22 -23 -24
leaf_value=-0.0063095530447825577 -0.0010163383025044044 0.0037506690311937519 -0.0028457600494214102 0.0088678429432605434 0.0024503280477590796 -0.0048867927101396381 -0.0015313584159072767 0.0036757008831576773 0.01427379181751838 0.0073549642205676617 -0.0027032068721703525 0.001223242428814232 0.0015470214785107046 0.0058041696502147489 -0.0050323433756852146 9.6841268807750286e-05 0.0063339746079527498 0.0096224289759993548 -0.0035222267301287503 0.00014522899443253213 -0.0010178488383826335 0.011092802147070566 -0.00086594552637826695
leaf_weight=142 105 32 106 38 155 126 67 148 39 102 102 98 92 74 415 37 101 44 140 107 48 45 37
leaf_count=142 105 32 106 38 155 126 67 148 39 102 102 98 92 74 415 37 101 44 140 107 48 45 37
internal_value=-5.2916e-12 0.0046132 -0.00339815 0.00829471 0.00222052 -0.00457484 -0.000702959 0.00327753 0.0114167 0.00692956 -0.00349781 6.48386e-05 0.000207761 0.00438519 -0.00535795 0.00199679 0.00571243 0.00803831 -0.0041686 -0.000500354 -0.00227602 0.0100741 -0.00221415
internal_weight=2400 1018 1382 401 617 962 420 414 122 279 405 203 266 222 557 192 133 146 266 174 154 83 139
internal_count=2400 1018 1382 401 617 962 420 414 122 279 405 203 266 222 557 192 133 146 266 174 154 83 139
is_linear=0
shrinkage=0.06


Tree=14
num_leaves=24
num_cat=0
split_feature=12 6 7 11 0 0 10 0 10 7 0 0 10 0 4 11 11 0 5 14 5 6 6
split_gain=9.2344 2.20096 1.07747 0.435908 0.355236 0.196367 0.182849 0.181772 0.135264 0.0904669 0.0703701 0.064139 0.0632964 0.057664 0.0557832 0.0526621 0.0475114 0.0453743 0.0405343 0.0359996 0.0340062 0.0301917 0.0284971
threshold=1.0000000180025095e-35 1.5000000000000002 1.0000000180025095e-35 1.5000000000000002 325.33365633241152 275.34506088339168 1.5000000000000002 292.98865472876543 1.0000000180025095e-35 1.5000000000000002 215.16265664570517 405.08276447752519 1.0000000180025095e-35 385.73283233248441 1.2808666225074112 1.0000000180025095e-35 1.0000000180025095e-35 373.00777167622113 4.5000000000000009 1.0000000180025095e-35 8.5000000000000018 1.0000000180025095e-35 1.0000000180025095e-35
decision_type=2 2 2 2 2 2 2 2 2 2 2 2 2 2 2 2 2 2 2 2 2 2 2
left_child=2 4 5 6 8 10 17 15 22 19 -1 -5 -9 -8 -12 21 -10 -3 -7 -6 -11 -4 -2
right_child=1 3 7 11 9 18 13 12 16 20 14 -13 -14 -15 -16 -17 -18 -19 -20 -21 -22 -23 -24
leaf_value=-0.0060517106857150794 -0.001910524297889103 0.005094931550738693 -0.0032407768813897063 0.010058747198846606 0.0011367071266189062 -0.0032444250059452313 0.0073330581554999713 -0.00092257435561495492 0.00081730020561672999 0.0040854015811346471 -0.0053419677988942437 0.013883429091227683 0.0010935521668639697 0.0098064166916088311 -0.0041051357610232958 -0.00023613681944603424 0.0025578199923461812 0.0069777126835348698 -0.0012872618453577162 0.0032843688595676213 0.0062158432557266581 -0.0016975660261834553 -2.8304110347196013e-05
leaf_weight=144 51 128 96 27 36 160 65 91 116 60 209 38 146 71 353 46 110 72 50 128 49 87 67
leaf_count=144 51 128 96 27 36 160 65 91 116 60 209 38 146 71 353 46 110 72 50 128 49 87 67
internal_value=-1.66458e-12 0.00433641 -0.00319426 0.00779703 0.00208729 -0.00438919 0.00692694 -0.000845409 0.00080475 0.00370337 -0.00486832 0.0122947 0.000319428 0.0086243 -0.0045651 -0.00205094 0.00166446 0.00577273 -0.00277843 0.00281293 0.00504312 -0.00250712 -0.000841806
internal_weight=2400 1018 1382 401 617 916 336 466 344 273 706 65 237 136 562 229 226 200 210 164 109 183 118
internal_count=2400 1018 1382 401 617 916 336 466 344 273 706 65 237 136 562 229 226 200 210 164 109 183 118
is_linear=0
shrinkage=0.06


Tree=15
num_leaves=24
num_cat=0
split_feature=1 15 9 1 10 4 1 15 11 5 13 14 5 1 12 4 12 5 5 5 0 4 11
split_gain=8.23954 1.59128 1.29458 0.398456 0.309464 0.284879 0.130969 0.121126 0.0913633 0.0882484 0.0877871 0.0634301 0.0605115 0.0543996 0.0474802 0.0471647 0.0456029 0.042573 0.0378669 0.0354223 0.0284723 0.0269379 0.0221834
threshold=60.919619596259245 1.5000000000000002 1.0000000180025095e-35 88.620667467659118 1.0000000180025095e-35 1.7019168004541763 42.717535565300125 2.5000000000000004 1.0000000180025095e-35 7.5000000000000009 1.0000000180025095e-35 1.0000000180025095e-35 4.5000000000000009 28.726676177775314 1.0000000180025095e-35 1.3078171362549182 1.5000000000000002 7.5000000000000009 3.5000000000000004 11.500000000000002 254.99011190796111 1.4772633625201943 1.0000000180025095e-35
decision_type=2 2 2 2 2 2 2 2 2 2 2 2 2 2 2 2 2 2 2 2 2 2 2
left_child=2 5 6 9 12 11 13 19 14 -3 -7 -2 20 -1 -6 -8 -11 -12 -15 -5 -4 -14 -13
right_child=1 3 4 7 8 10 15 -9 -10 16 17 22 21 18 -16 -17 -18 -19 -20 -21 -22 -23 -24
leaf_value=-0.0056433090791536897 -0.0005324871761096052 0.0035891816011913444 -0.004340385259677922 0.0077938700481405788 -0.0010665164107756156 0.0022880546091416762 -0.0042744199772748875 0.012837167715555743 0.0018457677490848502 0.0059988321661949154 0.0033376040531298782 0.00072304671197269605 -0.0023137020261492581 -0.0046828203357328641 0.00079515922176201016 -0.002696804184694345 0.0080516343432314244 0.0052512625881125418 -0.0032700020363633734 0.010043919067829848 -0.0024092295315858792 -0.00049886603837733402 0.0025475888748831572
leaf_weight=173 102 46 35 53 105 133 102 38 132 165 79 49 44 305 93 206 51 89 88 48 128 89 47
leaf_count=173 102 46 35 53 105 133 102 38 132 165 79 49 44 305 93 206 51 89 88 48 128 89 47
internal_value=-5.9038e-12 0.00453859 -0.00272316 0.00735296 -0.000640399 0.00227695 -0.00421493 0.00994961 0.000623051 0.00597536 0.00343968 0.000509355 -0.00204898 -0.00475674 -0.000192093 -0.00321926 0.00648352 0.00435139 -0.00436646 0.0088632 -0.00282389 -0.00109926 0.00161631
internal_weight=2400 900 1500 401 626 499 874 139 330 262 301 198 296 566 198 308 216 168 393 101 163 133 96
internal_count=2400 900 1500 401 626 499 874 139 330 262 301 198 296 566 198 308 216 168 393 101 163 133 96
is_linear=0
shrinkage=0.06


Tree=16
num_leaves=24
num_cat=0
split_feature=14 15 8 1 1 1 11 0 1 1 10 5 4 15 15 10 5 5 0 5 5 0 4
split_gain=7.31231 1.80016 0.815769 0.34864 0.320641 0.194982 0.106001 0.0940804 0.0899073 0.0857569 0.0791639 0.0715489 0.0545862 0.0455246 0.0434474 0.0425513 0.0416398 0.0322543 0.0314071 0.0310101 0.028658 0.0212712 0.0205283
threshold=1.0000000180025095e-35 1.5000000000000002 1.0000000180025095e-35 88.620667467659118 63.994325701349169 50.090822031964251 1.5000000000000002 289.7405762131458 55.908128045593983 30.261023878367869 1.5000000000000002 7.5000000000000009 1.5020982914271734 2.5000000000000004 1.0000000180025095e-35 1.0000000180025095e-35 8.5000000000000018 4.5000000000000009 346.10026999613137 11.500000000000002 4.5000000000000009 369.16585622619226 1.7100340709110957
decision_type=2 2 2 2 2 2 2 2 2 2 2 2 2 2 2 2 2 2 2 2 2 2 2
left_child=2 4 5 10 7 9 19 -2 17 -1 16 -6 -11 -8 -10 -9 -3 -4 -13 -5 -7 -12 -16
right_child=1 3 8 6 11 20 13 15 14 12 21 18 -14 -15 22 -17 -18 -19 -20 -21 -22 -23 -24
leaf_value=-0.0051948495732490408 -0.0007807958243528189 0.0038479020215570927 -0.002116684878244996 0.0070059204231137815 0.0024786759848723669 -0.0025343636635562958 0.009754534678326713 -9.4191367388702922e-05 -0.001366654667253897 -0.0041350184010750636 0.0060540210777843325 0.0032700516073740659 -0.0028329419073718151 0.013272112080684073 0.00046936010330314218 0.0017482938069964063 0.0057141552666331282 -0.00048688887226778788 0.0052051728405058378 0.0093057795212819032 -0.00095100351230939842 0.0079599105977282234 0.0019710731519132552
leaf_weight=215 117 75 90 46 162 131 27 60 32 451 37 52 156 26 79 182 101 85 72 39 60 49 56
leaf_count=215 117 75 90 46 162 131 27 60 32 451 37 52 156 26 79 182 101 85 72 39 60 49 56
internal_value=-9.44783e-13 0.00377124 -0.00290845 0.0069335 0.00181015 -0.00376386 0.00937424 0.000616114 -0.000374739 -0.00416512 0.00564793 0.00330895 -0.00380038 0.0114801 0.000621117 0.00129148 0.00491888 -0.00132507 0.00439367 0.00806115 -0.00203697 0.00713993 0.00109229
internal_weight=2400 1045 1355 400 645 1013 138 359 342 822 262 286 607 53 167 242 176 175 124 85 191 86 135
internal_count=2400 1045 1355 400 645 1013 138 359 342 822 262 286 607 53 167 242 176 175 124 85 191 86 135
is_linear=0
shrinkage=0.06


Tree=17
num_leaves=24
num_cat=0
split_feature=12 7 15 12 4 4 15 8 6 13 9 11 4 4 4 15 7 15 4 2 4 4 16
split_gain=6.4805 1.53402 0.7774 0.409231 0.173003 0.141985 0.119253 0.111778 0.107965 0.0700348 0.056013 0.0478165 0.0356737 0.0327811 0.030092 0.029952 0.0289242 0.0267682 0.0249453 0.0238546 0.020584 0.0182754 0.0168048
threshold=1.0000000180025095e-35 1.5000000000000002 1.0000000180025095e-35 1.5000000000000002 1.5778585952542481 1.3999273981153013 2.5000000000000004 1.5000000000000002 1.0000000180025095e-35 1.0000000180025095e-35 1.0000000180025095e-35 1.0000000180025095e-35 2.0628479023278126 1.9757029032774647 1.8356241025606959 1.0000000180025095e-35 2.5000000000000004 1.0000000180025095e-35 1.8147766955891249 2.6660932714503365 1.6786754825957699 1.5086210784787866 76.65662396746643
decision_type=2 2 2 2 2 2 2 2 2 2 2 2 2 2 2 2 2 2 2 2 2 2 2
left_child=2 4 5 7 15 19 16 12 20 17 -7 18 -3 -9 -11 -2 -5 -6 -10 22 -4 -17 -1
right_child=1 3 8 6 9 10 -8 13 11 14 -12 -13 -14 -15 -16 21 -18 -19 -20 -21 -22 -23 -24
leaf_value=-0.0047155095373770011 -0.0015574946572842936 0.0033526908126799738 -0.0021347539552640758 0.0070484959933815932 -0.00048745825809116158 -0.0032540852688577805 0.011524194251549871 0.004729963397840038 -0.00071058786500219275 0.0020846186114032187 -0.0017419992858950576 0.0012802526702580508 0.0051694500202482396 0.0066040652790772068 0.0036694115508798058 -0.00051473518820085485 0.0091999546847035801 0.0015438265001143469 0.0012778858097994492 -0.0036673796174433479 -0.00040476583455118436 0.0011680237168080305 -0.0037813268394649522
leaf_weight=291 52 133 123 82 27 258 38 48 143 82 134 96 55 112 91 52 31 173 27 188 31 42 91
leaf_count=291 52 133 123 82 27 258 38 48 143 82 134 96 55 112 91 52 31 173 27 188 31 42 91
internal_value=2.65628e-12 0.0036327 -0.0026759 0.00600805 0.0013489 -0.00361618 0.00861652 0.00487621 -0.000522213 0.00203425 -0.0027372 0.000209749 0.00388419 0.00604183 0.00291824 -0.000402048 0.00763872 0.0012696 -0.000394771 -0.00422067 -0.00178651 0.000237136 -0.00449297
internal_weight=2400 1018 1382 499 519 962 151 348 420 373 392 266 188 160 173 146 113 200 170 570 154 94 382
internal_count=2400 1018 1382 499 519 962 151 348 420 373 392 266 188 160 173 146 113 200 170 570 154 94 382
is_linear=0
shrinkage=0.06


Tree=18
num_leaves=24
num_cat=0
split_feature=14 6 15 1 1 1 1 1 10 0 15 5 1 4 13 5 4 4 4 5 5 1 3
split_gain=5.77391 1.42627 0.638816 0.2814 0.257363 0.146424 0.104706 0.0831366 0.0687056 0.0642812 0.0599384 0.0495993 0.0434831 0.0412893 0.0355375 0.0313075 0.0304925 0.0269958 0.026049 0.0251051 0.0233711 0.0229225 0.0193339
threshold=1.0000000180025095e-35 1.5000000000000002 1.0000000180025095e-35 88.620667467659118 62.659154945930986 43.799829908979419 56.624052631964034 100.45517015805736 1.0000000180025095e-35 350.14747952991803 1.5000000000000002 4.5000000000000009 28.726676177775314 1.654836175881808 1.0000000180025095e-35 1.5000000000000002 1.5477092959168959 1.4528178529545437 2.166006919823114 11.500000000000002 8.5000000000000018 43.417946364568898 2.5330161580992345
decision_type=2 2 2 2 2 2 2 2 2 2 2 2 2 2 2 2 2 2 2 2 2 2 2
left_child=2 4 5 10 8 12 13 19 21 20 -3 17 -1 -4 -10 -14 -8 -7 -12 -5 -6 -2 -18
right_child=1 3 6 7 9 11 16 -9 14 -11 18 -13 15 -15 -16 -17 22 -19 -20 -21 -22 -23 -24
leaf_value=-0.0047841020222221106 -0.0023232635027832455 0.0036918132562589428 -0.0019798753280333248 0.0065629507980563421 0.0018717018802244976 -0.0033930679991841313 -0.00067195468330755832 0.010628289464043409 0.00053673500310058803 0.0039845385361695664 0.0050967015507470429 -0.0012172188782080245 -0.0043174927619405862 -0.00025375899655045937 0.0021904783267414876 -0.0032622305503287718 0.0016001204964536501 -0.0021800147265519441 0.0066045710770413274 0.0085244789356138644 0.0034911937387660141 -0.00030457237528430089 -4.9035239341744293e-05
leaf_weight=175 27 84 149 55 162 150 50 41 155 112 116 88 163 75 67 267 83 118 64 41 40 81 37
leaf_count=175 27 84 149 55 162 150 50 41 155 112 116 88 163 75 67 267 83 118 64 41 40 81 37
internal_value=-3.38769e-12 0.00335114 -0.00258446 0.00616022 0.001602 -0.00341863 -0.000549836 0.00836661 0.000431992 0.00283163 0.00501524 -0.00245314 -0.00398675 -0.00140193 0.00103584 -0.00366225 0.000572929 -0.00285896 0.00563283 0.00740069 0.00219239 -0.000809245 0.00109163
internal_weight=2400 1045 1355 401 644 961 394 137 330 314 264 356 605 224 222 430 170 268 180 96 202 108 120
internal_count=2400 1045 1355 401 644 961 394 137 330 314 264 356 605 224 222 430 170 268 180 96 202 108 120
is_linear=0
shrinkage=0.06


Tree=19
num_leaves=24
num_cat=0
split_feature=12 8 7 1 0 0 10 1 4 13 0 6 10 14 4 10 9 6 4 12 10 4 4
split_gain=5.10811 1.2067 0.604549 0.290436 0.179571 0.117356 0.115263 0.112871 0.0621555 0.0492918 0.0488867 0.0487506 0.0452032 0.0385185 0.0344417 0.0227876 0.022155 0.0209668 0.02038 0.0190753 0.0190142 0.0184365 0.0155778
threshold=1.0000000180025095e-35 1.5000000000000002 1.0000000180025095e-35 70.273723575803174 397.07405117120226 275.34506088339168 1.0000000180025095e-35 50.807539403286675 2.4300203608386268 1.0000000180025095e-35 211.86567010846952 1.5000000000000002 1.0000000180025095e-35 1.5000000000000002 1.2716742140511079 1.0000000180025095e-35 1.5000000000000002 1.0000000180025095e-35 1.4578282211417928 1.5000000000000002 1.5000000000000002 1.7878300649429737 2.0948852071942707
decision_type=2 2 2 2 2 2 2 2 2 2 2 2 2 2 2 2 2 2 2 2 2 2 2
left_child=2 3 5 6 13 10 17 18 19 -8 -1 16 -9 20 -12 -7 -5 -2 -4 -6 -3 -14 -13
right_child=1 4 7 11 8 15 9 12 -10 -11 14 22 21 -15 -16 -17 -18 -19 -20 -21 -22 -23 -24
leaf_value=-0.0047228601828758271 -0.0014226955703222455 0.0042730406285061131 -0.0027189421915988386 0.0020855296118194849 0.0063353507034480568 -0.0023519701600307596 0.00099514512417954383 -0.00078194268256344878 0.010752803672637257 0.0024616925445889466 -0.0040227679981545529 0.0040411430024992548 0.0003586491173905606 0.0067568760411813849 -0.003062644629843402 -0.00082875085288348297 0.0035809730402834249 0.00012386679134439104 -0.001351665691029103 0.0082041643559932712 0.0056913675078087388 0.0017414950328517934 0.0056244330576487953
leaf_weight=124 53 92 57 68 32 165 203 115 28 139 211 62 119 48 371 45 75 78 126 51 54 49 35
leaf_count=124 53 92 57 68 32 165 203 115 28 139 211 62 119 48 371 45 75 78 126 51 54 49 35
internal_value=9.46744e-13 0.0032252 -0.00237572 0.00187411 0.00638363 -0.0032708 0.00101152 -0.00061631 0.00830831 0.0015912 -0.00364119 0.00357415 0.00013459 0.00528239 -0.00341073 -0.00202557 0.00286985 -0.000501842 -0.00177754 0.00748366 0.00479763 0.000761979 0.00461243
internal_weight=2400 1018 1382 713 305 916 473 466 111 342 706 240 283 194 582 210 143 131 183 83 146 168 97
internal_count=2400 1018 1382 713 305 916 473 466 111 342 706 240 283 194 582 210 143 131 183 83 146 168 97
is_linear=0
shrinkage=0.06


Tree=20
num_leaves=24
num_cat=0
split_feature=11 5 8 0 1 1 5 11 14 15 0 5 4 5 4 0 4 1 1 1 4 4 12
split_gain=4.56372 0.916202 0.782053 0.230272 0.157745 0.144966 0.108348 0.0713299 0.0547124 0.0546289 0.0475024 0.0443972 0.0440697 0.0358374 0.0266656 0.025861 0.0225749 0.0210601 0.0196583 0.0194036 0.0180256 0.0162119 0.014394
threshold=1.0000000180025095e-35 8.5000000000000018 1.0000000180025095e-35 388.0106664452527 69.812622758014669 43.259200739489188 4.5000000000000009 1.5000000000000002 1.0000000180025095e-35 1.0000000180025095e-35 292.98865472876543 3.5000000000000004 2.0036154350454316 5.5000000000000009 1.4528178529545437 338.38093440182882 1.7100340709110957 27.523149397598136 79.494537093980256 59.448783001153423 2.4146059230662194 2.0887628405414875 1.5000000000000002
decision_type=2 2 2 2 2 2 2 2 2 2 2 2 2 2 2 2 2 2 2 2 2 2 2
left_child=2 4 5 12 9 11 19 22 14 -2 -8 17 -3 -11 -7 -6 -12 -1 -14 -4 -9 -17 -5
right_child=1 3 6 7 15 8 10 20 -10 13 16 -13 18 -15 -16 21 -18 -19 -20 -21 -22 -23 -24
leaf_value=-0.0044582853555679321 -0.00061497458960816623 0.0036155845082248561 -0.0015244481137406817 0.0058345176370776424 0.0022277644786593172 -0.0028059195512799883 -0.00045169622137772796 0.0082106579303741455 -0.00032117207037507403 0.00051349319543541325 0.00057362958699009941 -0.0025806574175309743 0.0045314892937357611 0.0019203341752909184 -0.0017748420131785503 0.0033464820651404026 0.001837498310716196 -0.0035513500842210065 0.0060375657044351091 -0.00018696075464374318 0.010489114701747893 0.0050365636001030601 0.00731235784680947
leaf_weight=125 63 112 129 49 62 198 85 25 56 110 97 142 65 160 166 84 107 351 60 56 25 27 46
leaf_count=125 63 112 129 49 62 198 85 25 56 110 97 142 65 160 166 84 107 351 60 56 25 27 46
internal_value=-4.7512e-13 0.00341409 -0.0020051 0.0056322 0.00173954 -0.00292721 1.42122e-05 0.00751555 -0.0020671 0.000975959 0.000740001 -0.00351175 0.00447994 0.00134718 -0.0023357 0.00320932 0.00123654 -0.00378952 0.00525441 -0.00111959 0.00934989 0.00375758 0.0065501
internal_weight=2400 888 1512 382 506 1038 474 145 420 333 289 618 237 270 364 173 204 476 125 185 50 111 95
internal_count=2400 888 1512 382 506 1038 474 145 420 333 289 618 237 270 364 173 204 476 125 185 50 111 95
is_linear=0
shrinkage=0.06


Tree=21
num_leaves=24
num_cat=0
split_feature=14 6 6 11 1 0 0 0 5 0 0 1 5 5 4 15 10 4 10 1 1 5 5
split_gain=4.05784 0.9873 0.454062 0.211583 0.17954 0.118695 0.0825202 0.065795 0.0504792 0.046231 0.0437015 0.039944 0.0328873 0.0289802 0.0277334 0.0259844 0.0251211 0.0220331 0.0208719 0.0200306 0.0132546 0.0130474 0.0122233
threshold=1.0000000180025095e-35 1.5000000000000002 1.0000000180025095e-35 1.5000000000000002 62.659154945930986 275.34506088339168 382.17268740417177 277.49804566881181 5.5000000000000009 357.84639153093309 215.16265664570517 100.45517015805736 4.5000000000000009 2.5000000000000004 1.5086210784787866 1.5000000000000002 1.0000000180025095e-35 1.8064694937607493 1.5000000000000002 45.401154322626589 55.908128045593983 4.5000000000000009 7.5000000000000009
decision_type=2 2 2 2 2 2 2 2 2 2 2 2 2 2 2 2 2 2 2 2 2 2 2
left_child=2 4 5 6 8 10 15 -4 19 17 -1 -5 -9 -12 -10 -3 21 -6 -8 -2 -14 -7 -11
right_child=1 3 7 11 9 16 18 12 14 22 13 -13 20 -15 -16 -17 -18 -19 -20 -21 -22 -23 -24
leaf_value=-0.0041848660439816887 -0.0014317944263229551 0.0029450523717836899 -0.0016206697636831401 0.0071041479930281639 0.0013003668690632496 -0.0022695145440797559 0.0047837969617165145 -0.00071890208027786139 -0.00044249666251496158 0.0027080724782803478 -0.003375752695190074 0.010161416977643967 -8.4272034123147784e-05 -0.002518032792432946 0.0015007310546715778 0.0043244268885053528 -0.00046948398359666536 0.0024793380069360136 0.0063923259255917447 4.4252966245502171e-05 0.0010522048029316855 -0.0011355898366557395 0.0041826261095702644
leaf_weight=142 46 77 111 40 105 164 47 103 33 34 333 25 57 247 133 136 46 125 76 118 105 47 50
leaf_count=142 46 77 111 40 105 164 47 103 33 34 333 25 57 247 133 136 46 125 76 118 105 47 50
internal_value=-2.54231e-12 0.00280934 -0.00216662 0.0051465 0.00135406 -0.00284729 0.00454032 -0.000394317 0.000376831 0.00238109 -0.00324146 0.00828002 0.000119363 -0.00301048 0.00111443 0.00382578 -0.00173996 0.00194111 0.00577768 -0.00036976 0.000652333 -0.00201693 0.00358578
internal_weight=2400 1045 1355 401 644 979 336 376 330 314 722 65 265 580 166 213 257 230 123 164 162 211 84
internal_count=2400 1045 1355 401 644 979 336 376 330 314 722 65 265 580 166 213 257 230 123 164 162 211 84
is_linear=0
shrinkage=0.06


Tree=22
num_leaves=24
num_cat=0
split_feature=11 7 10 11 1 0 0 12 15 1 0 0 4 13 4 1 0 12 6 15 0 1 4
split_gain=3.60166 0.709774 0.616315 0.219634 0.146764 0.0944097 0.0732498 0.0708001 0.0534619 0.0328846 0.0326451 0.032336 0.0283922 0.0247872 0.024098 0.0210221 0.0203048 0.0179235 0.0165293 0.0157833 0.0134056 0.00853779 0.00821188
threshold=1.0000000180025095e-35 1.5000000000000002 1.0000000180025095e-35 1.5000000000000002 43.259200739489188 375.77396336252275 300.74716311431189 1.0000000180025095e-35 1.0000000180025095e-35 100.45517015805736 346.10026999613137 232.01269266267721 2.117127822926316 1.0000000180025095e-35 2.0036154350454316 24.509139806904198 223.78958474893267 1.0000000180025095e-35 1.0000000180025095e-35 1.0000000180025095e-35 262.24280900625405 31.089856241422783 1.819473777154067
decision_type=2 2 2 2 2 2 2 2 2 2 2 2 2 2 2 2 2 2 2 2 2 2 2
left_child=2 7 4 5 11 14 17 18 16 -5 19 21 -7 22 -3 -13 -6 -4 -2 -9 -10 -1 -8
right_child=1 3 6 9 8 12 13 10 20 -11 -12 15 -14 -15 -16 -17 -18 -19 -20 -21 -22 -23 -24
leaf_value=-0.0040470649139621321 -0.00078778892588477736 0.0027993138678567976 -0.0010638314913944669 0.0067239328580243245 -0.0036746346866711969 0.0043780151950685601 0.0001529428223875584 -2.4802347645163535e-05 -0.0020023700678721071 0.0094390632212162009 0.0028739591326870742 -0.0041102082325288882 0.005978546030819416 0.0017762190704347521 0.0039798873218779372 -0.0026401256393429446 -0.002034663594829178 0.00017907589113512528 0.00058017138087131906 0.0015942651410938878 -0.00059922050639677263 -0.0033267627477180212 0.0011588359926827251
leaf_weight=117 46 133 128 42 30 76 96 25 30 26 73 39 84 82 117 343 289 62 103 163 134 120 42
leaf_count=117 46 133 128 42 30 76 96 25 30 26 73 39 84 82 117 343 289 62 103 163 134 120 42
internal_value=-1.97206e-12 0.00303296 -0.00178126 0.00460398 -0.00252015 0.0040802 0.000204722 0.00120137 -0.00173628 0.00776207 0.0017971 -0.00313179 0.00521829 0.000950016 0.00335182 -0.00279021 -0.00218889 -0.000658251 0.000157848 0.00137896 -0.000855894 -0.00368235 0.000459084
internal_weight=2400 888 1512 478 1102 410 410 410 483 68 261 619 160 220 250 382 319 190 149 188 164 237 138
internal_count=2400 888 1512 478 1102 410 410 410 483 68 261 619 160 220 250 382 319 190 149 188 164 237 138
is_linear=0
shrinkage=0.06


Tree=23
num_leaves=24
num_cat=0
split_feature=14 7 9 14 4 1 5 1 5 1 8 0 4 0 0 4 5 0 1 0 5 4 4
split_gain=3.20177 0.779477 0.361245 0.216857 0.0921258 0.086855 0.0642366 0.0543572 0.053018 0.0415957 0.0271848 0.0230911 0.023044 0.022707 0.0225098 0.0220964 0.0207852 0.0175127 0.0161802 0.0151176 0.0133327 0.0130039 0.0111177
threshold=1.0000000180025095e-35 1.5000000000000002 1.0000000180025095e-35 1.5000000000000002 1.8064694937607493 54.307360418518904 9.5000000000000018 100.45517015805736 2.5000000000000004 54.1721056609504 1.0000000180025095e-35 210.52574437702907 2.0656592140034626 275.34506088339168 375.77396336252275 1.6073531546438076 6.5000000000000009 405.08276447752519 24.779800982142252 342.78145728029125 4.5000000000000009 1.3999273981153013 1.5778585952542481
decision_type=2 2 2 2 2 2 2 2 2 2 2 2 2 2 2 2 2 2 2 2 2 2 2
left_child=2 4 8 6 9 10 12 17 11 20 22 -1 -3 21 -8 -7 -11 -5 -13 -6 -2 -10 -4
right_child=1 3 5 7 19 15 14 -9 13 16 -12 18 -14 -15 -16 -17 -18 -19 -20 -21 -22 -23 -24
leaf_value=-0.0040051628826186063 -0.0011464232895797082 0.0024276920292147764 -0.0022137732360473215 0.0050163071700013596 0.0015622614634316721 -0.00042107325147039122 0.0037531110157187166 0.0084420097153633834 -0.0028065254881066526 0.00040258682999753058 -0.00063404133245866326 -0.0038725395170304011 0.0037848403393512683 -0.0013774123169396091 0.0052586741068146436 0.00076176251071662972 0.0015901374133657021 0.006665915759901205 -0.0027508507264476481 0.0026547333436380874 5.9184414004266722e-05 -0.0019383306113446158 -0.0011527592956773794
leaf_weight=80 59 158 108 65 114 105 78 32 141 136 108 53 63 106 66 124 87 36 366 76 75 111 53
leaf_count=80 59 158 108 65 114 105 78 32 141 136 108 53 63 106 66 124 87 36 366 76 75 111 53
internal_value=-2.49606e-12 0.00249547 -0.00192455 0.00421288 0.000931903 -0.000639386 0.00345708 0.00628705 -0.00267135 0.000363848 -0.00137048 -0.00307108 0.00281457 -0.00211419 0.00444316 0.000219414 0.000865891 0.00560429 -0.00289273 0.00199925 -0.000471643 -0.00242411 -0.0018645
internal_weight=2400 1045 1355 498 547 498 365 133 857 357 269 499 221 358 144 229 223 101 419 190 134 252 161
internal_count=2400 1045 1355 498 547 498 365 133 857 357 269 499 221 358 144 229 223 101 419 190 134 252 161
is_linear=0
shrinkage=0.06


Tree=24
num_leaves=24
num_cat=0
split_feature=12 8 15 13 6 5 0 0 4 14 0 5 0 1 5 1 5 4 4 4 1 1 1
split_gain=2.84364 0.664552 0.340407 0.163576 0.108398 0.0779037 0.0534663 0.0517452 0.0500806 0.042844 0.0350125 0.0303067 0.0281175 0.0190546 0.0184054 0.0171265 0.0164088 0.0153773 0.0153766 0.0149707 0.0145759 0.0118339 0.0111332
threshold=1.0000000180025095e-35 1.5000000000000002 1.0000000180025095e-35 1.0000000180025095e-35 2.5000000000000004 3.5000000000000004 277.49804566881181 338.38093440182882 1.5816162735201977 1.5000000000000002 241.84367619638314 4.5000000000000009 290.89325628318767 71.461532067377362 8.5000000000000018 29.111057213746964 10.500000000000002 1.8484253172971401 1.5440710833629907 1.8119369107329064 49.520097440809657 37.870915075500974 91.313841594460214
decision_type=2 2 2 2 2 2 2 2 2 2 2 2 2 2 2 2 2 2 2 2 2 2 2
left_child=2 3 5 8 9 10 18 17 20 16 -1 -8 21 -9 -10 -12 -3 -5 -4 -13 -2 -7 -11
right_child=1 4 6 7 -6 12 11 13 14 22 15 19 -14 -15 -16 -17 -18 -19 -20 -21 -22 -23 -24
leaf_value=-0.0032061391420644607 -0.0014768464872176991 0.0032653874365866859 -0.0020520638139524426 0.0010094748010999674 0.0072745812421335897 -0.0025073262175066848 -0.00065765615792651123 0.0022726817658706884 0.00081837961626010875 0.0048269323171938163 -0.0034004828019533304 0.00027059936923926997 -0.00050068259451781282 0.0035142149587504955 0.002267660128670065 -0.0021850965901603556 0.0044859562135271484 0.0022377560820041253 -0.00066781110451511968 0.0015742311285944974 -3.3841046810266563e-05 -0.0015656964196275451 0.0062687250154633677
leaf_weight=314 35 110 65 86 51 74 122 73 214 51 48 140 69 114 37 320 62 64 52 41 90 137 31
leaf_count=314 35 110 65 86 51 74 122 73 214 51 48 140 69 114 37 320 62 64 52 41 90 137 31
internal_value=-1.33758e-12 0.00240637 -0.00177257 0.00140373 0.00475026 -0.00239477 -0.000347421 0.00236367 0.000543355 0.00424341 -0.00274074 7.32453e-05 -0.00155211 0.00302955 0.00103202 -0.00234363 0.00370536 0.00153354 -0.00143684 0.000565897 -0.000437883 -0.00189594 0.005372
internal_weight=2400 1018 1382 713 305 962 420 337 376 254 682 303 280 187 251 368 172 150 117 181 125 211 82
internal_count=2400 1018 1382 713 305 962 420 337 376 254 682 303 280 187 251 368 172 150 117 181 125 211 82
is_linear=0
shrinkage=0.06


Tree=25
num_leaves=24
num_cat=0
split_feature=11 5 10 12 1 13 0 4 5 0 14 1 5 13 14 5 4 1 0 3 1 5 12
split_gain=2.54406 0.512895 0.432549 0.130716 0.103307 0.0906479 0.0495664 0.0439742 0.0411901 0.0303045 0.0275637 0.0263241 0.0251041 0.0174731 0.0167784 0.0152357 0.0149313 0.0135819 0.012941 0.0109062 0.0107503 0.00764277 0.00735585
threshold=1.0000000180025095e-35 8.5000000000000018 1.0000000180025095e-35 1.5000000000000002 50.090822031964251 1.0000000180025095e-35 300.74716311431189 1.5020982914271734 13.500000000000002 352.74219137964093 1.5000000000000002 55.156965027005022 1.0000000180025095e-35 1.0000000180025095e-35 1.0000000180025095e-35 4.5000000000000009 1.9661033052709607 48.23470483344731 407.74228263801064 2.5815404946014571 58.540198101213356 5.5000000000000009 1.0000000180025095e-35
decision_type=2 2 2 2 2 2 2 2 2 2 2 2 2 2 2 2 2 2 2 2 2 2 2
left_child=2 5 4 10 7 11 17 12 18 20 16 -2 -1 -8 21 -9 -3 -4 -5 -13 -7 -6 -19
right_child=1 3 6 8 14 9 13 15 -10 -11 -12 19 -14 -15 -16 -17 -18 22 -20 -21 -22 -23 -24
leaf_value=-0.0033201682381331921 -0.00031109764015788886 0.0024805460841993668 -0.0011854046991905071 0.0046536814453809151 -0.0015207330726794632 0.00067711135753515089 0.00036759856298253311 -0.0019599586221624582 0.007590232570655644 0.003040299423295876 0.0047495275972919034 0.0011640121289063245 -0.0024563683756418952 0.0014734612137828839 -0.00020997226148252734 -0.000762482825324268 0.0035253496643374944 -0.00056068227965046051 0.0060838572374161543 -8.9180799666792145e-05 0.0019021551039906501 -0.00053482300482158142 0.00039872616671559892
leaf_weight=161 88 84 73 69 148 33 138 153 32 87 44 150 489 82 65 51 119 66 34 30 118 35 51
leaf_count=161 88 84 73 69 148 33 138 153 32 87 44 150 489 82 65 51 119 66 34 30 118 35 51
internal_value=1.4069e-12 0.00254905 -0.00149706 0.00420865 -0.00211607 0.00129616 0.000166702 -0.00242912 0.00570995 0.00214834 0.0033881 0.000539365 -0.00267032 0.000779784 -0.00103805 -0.00166059 0.00309302 -0.000543182 0.00512578 0.000955147 0.00163443 -0.00133217 -0.000142479
internal_weight=2400 888 1512 382 1102 506 410 854 135 238 247 268 650 220 248 204 203 190 103 180 151 183 117
internal_count=2400 888 1512 382 1102 506 410 854 135 238 247 268 650 220 248 204 203 190 103 180 151 183 117
is_linear=0
shrinkage=0.06


Tree=26
num_leaves=24
num_cat=0
split_feature=11 5 8 11 13 5 5 0 0 0 0 1 5 6 1 1 6 12 1 0 3 4 1
split_gain=2.24793 0.453194 0.388325 0.117898 0.0800965 0.074632 0.0559015 0.0471517 0.032754 0.026777 0.0234642 0.0232599 0.0229647 0.0210362 0.0156083 0.0130329 0.0124798 0.0112537 0.0106723 0.0104787 0.00963672 0.0096044 0.00949895
threshold=1.0000000180025095e-35 8.5000000000000018 1.0000000180025095e-35 1.5000000000000002 1.0000000180025095e-35 3.5000000000000004 4.5000000000000009 382.17268740417177 245.04128348909157 352.74219137964093 336.36140757830589 55.156965027005022 12.500000000000002 1.0000000180025095e-35 29.111057213746964 46.773126566487392 1.5000000000000002 1.5000000000000002 65.424313595833539 209.20356936610571 2.5815404946014571 1.4111269479347439 58.540198101213356
decision_type=2 2 2 2 2 2 2 2 2 2 2 2 2 2 2 2 2 2 2 2 2 2 2
left_child=2 4 5 7 11 8 18 16 19 22 15 -2 -5 21 -10 -8 -3 -9 -4 -1 -13 -7 -6
right_child=1 3 6 12 9 13 10 17 14 -11 -12 20 -14 -15 -16 -17 -18 -19 -20 -21 -22 -23 -24
leaf_value=-0.0033791103175557823 -0.00029243178478447423 0.0023064995582240655 -0.00098299216812384256 0.0052712813921664894 0.00063648467671803457 -0.0020315762039437588 -0.00083232677381602112 0.0039182081940721293 -0.0030608827732503414 0.00285788145815504 0.001484351230090038 0.0010941713915060972 0.0075132417884366254 -0.00058358100892016377 -0.0018679191467770872 0.00043136530807222709 0.0032825731876521156 0.005132463102042675 0.0003282412387824689 -0.0026285209756297702 -8.3829929935745894e-05 -0.0012617722156503034 0.001788025791799971
leaf_weight=92 88 74 159 38 33 111 35 61 45 87 71 150 29 99 322 183 130 50 26 246 30 123 118
leaf_count=92 88 74 159 38 33 111 35 61 45 87 71 150 29 99 322 183 130 50 26 246 30 123 118
internal_value=-4.75684e-12 0.00239611 -0.00140724 0.00395613 0.00121839 -0.00205701 1.56875e-05 0.00347 -0.00240667 0.00201944 0.000537015 0.000507003 0.00624168 -0.00131675 -0.0020142 0.000228479 0.00292851 0.00446517 -0.000798711 -0.00283282 0.000897838 -0.00162694 0.00153636
internal_weight=2400 888 1512 382 506 1038 474 315 705 238 289 268 67 333 367 218 204 111 185 338 180 234 151
internal_count=2400 888 1512 382 506 1038 474 315 705 238 289 268 67 333 367 218 204 111 185 338 180 234 151
is_linear=0
shrinkage=0.06


Tree=27
num_leaves=24
num_cat=0
split_feature=14 6 15 11 11 5 4 4 5 0 0 4 4 12 5 0 0 5 0 4 4 0 5
split_gain=2.00801 0.48045 0.22846 0.109491 0.0832093 0.0508764 0.0408331 0.0386142 0.0328955 0.03022 0.0234221 0.0230238 0.0188535 0.0180466 0.0177597 0.017162 0.0146712 0.0123122 0.0106024 0.0105198 0.00978802 0.00882234 0.00785258
threshold=1.0000000180025095e-35 1.5000000000000002 1.0000000180025095e-35 1.5000000000000002 1.0000000180025095e-35 3.5000000000000004 2.117127822926316 1.5501738403569314 3.5000000000000004 350.14747952991803 241.84367619638314 2.2404679393003186 1.5086210784787866 1.0000000180025095e-35 10.500000000000002 272.8184307850068 369.16585622619226 8.5000000000000018 277.49804566881181 1.2900351209698209 1.9484278800256047 209.20356936610571 5.5000000000000009
decision_type=2 2 2 2 2 2 2 2 2 2 2 2 2 2 2 2 2 2 2 2 2 2 2
left_child=2 4 5 6 8 10 14 18 -2 17 21 -5 -10 -9 -3 -7 -8 -6 -4 -12 -11 -1 -15
right_child=1 3 7 11 9 15 16 13 12 20 19 -13 -14 22 -16 -17 -18 -19 -20 -21 -22 -23 -24
leaf_value=-0.0031865075630760123 -0.0011238171718136038 0.0022728107387103651 -0.0015917692508082837 0.0044777441454621463 0.0010319092163152879 -0.0017816610906825541 0.0031161355773671245 -0.0002712406170815765 -0.0003734973212149704 0.0020025384034538132 -0.0023864317871526253 0.0067827769483511258 0.00082826071956180775 0.00027484575059273853 0.0035745631437748668 -0.0008520900310461663 0.0044038791598363233 0.002186011405661702 -0.00059461997832199005 -0.0017216954547390382 0.0032014549451951798 -0.0024845618628622857 0.0013390751546467072
leaf_weight=91 53 145 70 26 198 156 49 139 63 66 140 39 185 52 51 132 91 40 85 221 39 221 48
leaf_count=91 53 145 70 26 198 156 49 139 63 66 140 39 185 52 51 132 91 40 85 221 39 221 48
internal_value=-6.40466e-13 0.00197624 -0.00152411 0.00360662 0.000961053 -0.00202297 0.00317055 -0.000307364 0.000233009 0.00159995 -0.00230855 0.00586076 0.000522975 0.000170984 0.00261153 -0.00135561 0.00395317 0.00122588 -0.00104495 -0.00197949 0.00244785 -0.0026893 0.000785676
internal_weight=2400 1045 1355 401 644 961 336 394 301 343 673 65 248 239 196 288 140 238 155 361 105 312 100
internal_count=2400 1045 1355 401 644 961 336 394 301 343 673 65 248 239 196 288 140 238 155 361 105 312 100
is_linear=0
shrinkage=0.06


Tree=28
num_leaves=24
num_cat=0
split_feature=1 8 8 4 11 4 5 13 1 0 12 5 4 0 5 11 5 0 4 5 4 3 4
split_gain=1.77927 0.342043 0.289329 0.0889136 0.0747067 0.0595848 0.0414072 0.0361745 0.0242438 0.0239722 0.0219206 0.020648 0.0201313 0.0182221 0.0160698 0.0133362 0.0117865 0.0111673 0.0108782 0.00909787 0.00800001 0.00733367 0.00640709
threshold=60.919619596259245 1.5000000000000002 1.0000000180025095e-35 1.7019168004541763 1.5000000000000002 1.3999273981153013 6.5000000000000009 1.0000000180025095e-35 24.779800982142252 268.64533606090612 1.5000000000000002 1.0000000180025095e-35 2.2404679393003186 289.7405762131458 7.5000000000000009 1.0000000180025095e-35 3.5000000000000004 219.66646997805819 1.943737170392716 4.5000000000000009 1.517092686050094 2.6353510340527317 1.673950026446948
decision_type=2 2 2 2 2 2 2 2 2 2 2 2 2 2 2 2 2 2 2 2 2 2 2
left_child=2 3 5 15 10 8 13 -5 -1 17 18 -10 -6 22 -9 21 -15 -7 -3 -11 -8 -2 -4
right_child=1 4 6 7 12 9 20 14 11 19 -12 -13 -14 16 -16 -17 -18 -19 -20 -21 -22 -23 -24
leaf_value=-0.0031635659342495407 0.00011471703169349655 0.0021386911276727915 -0.0010805879399360325 0.0010435473256892966 0.0042752788788997208 -0.0026566717969743825 -7.3524446971714492e-05 0.001632189616315851 -0.0027563401076798168 -0.0011354398549078626 0.0041254982882983062 -0.0018461152707327116 0.0064419775671864807 -0.00073449394187612572 0.0026282225571733139 0.00085103102178281246 0.00038906519909949689 -0.0015341829979440065 0.0031933567691555232 -0.00033438409953669178 0.0011165266368621447 -0.00099018438677636101 -0.00018554010737436609
leaf_weight=82 95 50 110 143 26 38 25 95 116 141 73 396 38 47 151 82 118 199 119 80 109 28 39
leaf_count=82 95 50 110 143 26 38 25 95 116 141 73 396 38 47 151 82 118 199 119 80 109 28 39
internal_value=2.41077e-12 0.00210907 -0.00126544 0.00126954 0.00373875 -0.00180923 1.14978e-05 0.00180243 -0.00220574 -0.00129499 0.00325663 -0.00205234 0.00556176 -0.000365326 0.00224358 0.000258329 6.90211e-05 -0.00171416 0.00288133 -0.000845465 0.000894502 -0.000136805 -0.000846314
internal_weight=2400 900 1500 594 306 1052 448 389 594 458 242 512 64 314 246 205 165 237 169 221 134 123 149
internal_count=2400 900 1500 594 306 1052 448 389 594 458 242 512 64 314 246 205 165 237 169 221 134 123 149
is_linear=0
shrinkage=0.06


Tree=29
num_leaves=24
num_cat=0
split_feature=12 1 7 5 4 5 1 11 15 4 1 10 5 10 5 4 1 4 14 5 5 15 4
split_gain=1.58542 0.363274 0.188925 0.0984194 0.0673407 0.0373432 0.037192 0.0329783 0.0248953 0.024086 0.0191423 0.0185168 0.0158794 0.0145812 0.0125784 0.0108559 0.00966818 0.00831747 0.0082435 0.00769707 0.00738622 0.00707075 0.00689703
threshold=1.0000000180025095e-35 79.494537093980256 1.0000000180025095e-35 6.5000000000000009 2.2104271309940842 1.5000000000000002 49.300191838160337 1.0000000180025095e-35 2.5000000000000004 1.6026112900548017 28.726676177775314 1.0000000180025095e-35 10.500000000000002 1.5000000000000002 4.5000000000000009 1.5477092959168959 57.5518223365087 2.0656592140034626 1.0000000180025095e-35 6.5000000000000009 4.5000000000000009 1.0000000180025095e-35 1.4701373038209742
decision_type=2 2 2 2 2 2 2 2 2 2 2 2 2 2 2 2 2 2 2 2 2 2 2
left_child=2 3 5 9 12 15 18 -5 -6 21 -7 20 17 -9 -12 -1 -11 -3 22 -13 -8 -2 -4
right_child=1 4 6 7 8 10 11 13 -10 16 14 19 -14 -15 -16 -17 -18 -19 -20 -21 -22 -23 -24
leaf_value=-0.0024510993634713654 -0.00093148485462656841 0.0022477559029713879 -0.0018270086720311904 0.00075176643109256308 0.0041130517359290811 -0.0023846040873336661 -0.00095655393756238641 0.001827169001371658 0.006054665545622508 0.00013028618704993277 -0.0015651089514956585 0.0001769616429765637 0.0037495938282121311 0.0029184063787882526 -0.0008559985572355799 -0.0012531076698796824 0.0010044537030756404 0.0032837610756261989 -0.00025710535788675765 0.0010222910206909451 -3.4086023482696844e-05 -2.0759042921252078e-06 -0.00093194200372901043
leaf_weight=295 47 98 51 97 70 83 63 240 36 69 391 117 55 54 117 30 134 39 36 58 62 79 79
leaf_count=295 47 98 51 97 70 83 63 240 36 69 391 117 55 54 117 30 134 39 36 58 62 79 79
internal_value=1.21454e-12 0.00179679 -0.00132354 0.00106761 0.00355858 -0.00182391 -0.00033999 0.00171109 0.00477247 0.000302866 -0.00153982 5.87372e-05 0.00288841 0.0020276 -0.00140179 -0.00234052 0.000707323 0.00254268 -0.00106058 0.000457128 -0.00049901 -0.00034876 -0.00128308
internal_weight=2400 1018 1382 720 298 916 466 391 106 329 591 300 192 294 508 325 203 137 166 175 125 126 130
internal_count=2400 1018 1382 720 298 916 466 391 106 329 591 300 192 294 508 325 203 137 166 175 125 126 130
is_linear=0
shrinkage=0.06


Tree=30
num_leaves=24
num_cat=0
split_feature=13 15 10 12 6 6 11 1 2 4 1 1 1 11 3 1 1 4 14 1 4 14 1
split_gain=1.41457 0.34612 0.209279 0.0637396 0.0594456 0.0442896 0.0398158 0.0236442 0.0218628 0.0210015 0.0172634 0.0136509 0.0125952 0.0123523 0.0122329 0.0117861 0.00879108 0.00834704 0.00788588 0.0059222 0.00508468 0.00477734 0.0045617
threshold=1.0000000180025095e-35 1.0000000180025095e-35 1.5000000000000002 1.0000000180025095e-35 1.5000000000000002 1.0000000180025095e-35 1.5000000000000002 31.089856241422783 4.425722239314406 1.7100340709110957 45.401154322626589 100.45517015805736 54.83792106123682 1.0000000180025095e-35 2.5423560400119416 83.221448575540037 71.461532067377362 1.4970014969532703 1.5000000000000002 21.834142764410114 1.5364907489036845 1.0000000180025095e-35 78.53104639718903
decision_type=2 2 2 2 2 2 2 2 2 2 2 2 2 2 2 2 2 2 2 2 2 2 2
left_child=1 5 4 9 8 7 15 19 17 14 -5 -8 -9 -12 -3 -4 -10 -2 22 -1 -7 -11 -6
right_child=2 3 6 10 18 20 11 12 16 21 13 -13 -14 -15 -16 -17 -18 -19 -20 -21 -22 -23 -24
leaf_value=-0.0029390818930696695 -0.00027117952311943685 -0.00030928372185371698 0.0027833486576319525 -0.0007779998471064923 0.0019445346137571679 -0.0010970213836817828 0.0043230416009138375 -0.0017326695474352322 0.0011954754998157846 -0.0001010490273724177 0.00039049205078981684 0.0062362409949302672 -0.00078861353993748445 0.0011728620876134042 -0.001126513700150741 0.0038235951325407734 0.0020196547903935423 0.00079502279003564687 0.0033131621649954467 -0.0022000468772668601 -0.00042678597193671297 0.00079864561167913818 0.0026252860193798208
leaf_weight=50 35 128 76 26 74 81 29 556 123 42 128 25 56 168 136 81 75 108 32 178 82 43 68
leaf_count=50 35 128 76 26 74 81 29 556 123 42 128 25 56 168 136 81 75 108 32 178 82 43 68
internal_value=5.57702e-13 -0.000959286 0.00221191 9.55281e-05 0.00155985 -0.00166495 0.00380341 -0.00184058 0.00109938 -0.000466179 0.000704335 0.00520878 -0.00164629 0.00083454 -0.000730281 0.00332004 0.00150766 0.000534064 0.00246228 -0.00236212 -0.000759848 0.000354091 0.00227053
internal_weight=2400 1674 726 671 515 1003 211 840 341 349 322 54 612 296 264 157 198 143 174 228 163 85 142
internal_count=2400 1674 726 671 515 1003 211 840 341 349 322 54 612 296 264 157 198 143 174 228 163 85 142
is_linear=0
shrinkage=0.06


Tree=31
num_leaves=24
num_cat=0
split_feature=14 0 6 10 4 0 5 11 5 5 5 4 0 3 4 10 12 14 5 4 5 5 0
split_gain=1.25769 0.301344 0.142582 0.0864759 0.0527666 0.0386494 0.0331754 0.0211911 0.0205621 0.0189723 0.0141448 0.0135759 0.0113476 0.00991515 0.00962237 0.00877962 0.00796959 0.00708118 0.00670711 0.00627015 0.00575479 0.00487083 0.00484984
threshold=1.0000000180025095e-35 352.74219137964093 1.0000000180025095e-35 1.5000000000000002 1.7878300649429737 275.34506088339168 13.500000000000002 1.0000000180025095e-35 6.5000000000000009 1.0000000180025095e-35 9.5000000000000018 1.9331931030542073 215.16265664570517 2.5081940347899079 1.5391991043483231 1.0000000180025095e-35 1.5000000000000002 1.5000000000000002 9.5000000000000018 2.0492895935193753 1.5000000000000002 6.5000000000000009 275.34506088339168
decision_type=2 2 2 2 2 2 2 2 2 2 2 2 2 2 2 2 2 2 2 2 2 2 2
left_child=2 4 5 11 8 9 16 14 13 -1 19 18 -11 -2 -4 20 -5 -13 -3 -6 -7 -9 -16
right_child=1 3 7 6 10 15 -8 21 -10 12 -12 17 -14 -15 22 -17 -18 -19 -20 -21 -22 -23 -24
leaf_value=-0.0023604620111880104 0.0002521554678448288 0.0012018495142905854 -0.00094776950636878609 0.0029661516014388516 0.00097453673879946835 -0.0017480546406919268 0.0054489878118038175 0.00017208867155515202 0.0009156307517938937 -0.0022685065796470335 0.0022519162891432641 0.0022113171691040792 -0.0015215274770388851 -0.00053735250793943124 -0.0007738106031320057 -0.00020467954168334077 0.0038439484491740181 0.0032810418214648963 0.0023446108829230069 0.001715647087142504 -0.0009632904361141294 0.00097968733803008952 9.7441200299986766e-06
leaf_weight=173 134 71 110 76 183 42 35 82 108 87 50 109 462 100 39 46 73 28 25 53 169 40 105
leaf_count=173 134 71 110 76 183 42 35 82 108 87 50 109 462 100 39 46 73 28 25 53 169 40 105
internal_value=1.65953e-12 0.00156403 -0.0012062 0.00281439 0.000733769 -0.00158764 0.00378669 -0.000213062 0.000230824 -0.00181256 0.00133519 0.00204656 -0.0016399 -8.52411e-05 -0.000525237 -0.000955757 0.00339621 0.00242995 0.00149944 0.00114097 -0.0011195 0.000436875 -0.000202469
internal_weight=2400 1045 1355 417 628 979 184 376 342 722 286 233 549 234 254 257 149 137 96 236 211 122 144
internal_count=2400 1045 1355 417 628 979 184 376 342 722 286 233 549 234 254 257 149 137 96 236 211 122 144
is_linear=0
shrinkage=0.06


Tree=32
num_leaves=24
num_cat=0
split_feature=13 15 10 12 5 5 5 1 0 1 0 10 1 5 1 0 4 4 1 0 3 0 4
split_gain=1.119 0.272759 0.161626 0.0507339 0.0465861 0.0376289 0.035517 0.0172098 0.0159908 0.0140381 0.0139656 0.0129981 0.0126867 0.0122621 0.0122311 0.011367 0.00956346 0.00667991 0.00613441 0.00502588 0.00485258 0.00413543 0.00210138
threshold=1.0000000180025095e-35 1.0000000180025095e-35 1.5000000000000002 1.0000000180025095e-35 7.5000000000000009 13.500000000000002 3.5000000000000004 65.63742803056077 210.52574437702907 45.401154322626589 337.95258127615836 1.0000000180025095e-35 43.259200739489188 4.5000000000000009 83.221448575540037 286.76940940319395 1.6397902669618232 1.8395130282065772 37.870915075500974 424.4358476176663 2.2780018316322828 352.74219137964093 1.5147277363620153
decision_type=2 2 2 2 2 2 2 2 2 2 2 2 2 2 2 2 2 2 2 2 2 2 2
left_child=1 6 4 7 11 14 8 13 -1 -5 -6 -2 -10 -3 21 18 -11 -12 -8 -16 -13 -4 -17
right_child=2 3 5 9 10 -7 15 -9 12 16 17 20 -14 -15 19 22 -18 -19 -20 -21 -22 -23 -24
leaf_value=-0.0024212314045289531 4.0777507496790757e-06 -0.0009536732891649609 0.0018349884608044073 -0.00071037330691559378 0.0012681939761144652 0.0051940950586953586 -0.0016567035773083002 0.00067715296451933678 -0.0018018972596282482 0.00027690409010194816 0.0015370636205566492 0.0013171358280565722 -0.0012164941688248569 -0.00019139896943060064 0.0031823009720870423 -0.00075783416548802051 0.00099289476994540867 0.0024409079732140527 -0.00097040590988373718 0.004121650045031104 0.00073580321619374437 0.002761755698145582 -0.0001964010767987929
leaf_weight=100 54 155 26 26 72 34 70 45 388 103 37 112 203 149 70 40 193 144 142 29 96 52 60
leaf_count=100 54 155 26 26 72 34 70 45 388 103 37 112 203 149 70 40 193 144 142 29 96 52 60
internal_value=1.99516e-12 -0.000853201 0.0019673 8.31806e-05 0.00139427 0.00336592 -0.00147963 -0.000417954 -0.00171955 0.000626336 0.00197499 0.000833498 -0.00160082 -0.000580059 0.00301475 -0.000948283 0.000743749 0.00225614 -0.00119701 0.00345746 0.00104883 0.00245283 -0.000420974
internal_weight=2400 1674 726 671 515 211 1003 349 691 322 253 262 591 304 177 312 296 181 212 99 208 78 100
internal_count=2400 1674 726 671 515 211 1003 349 691 322 253 262 591 304 177 312 296 181 212 99 208 78 100
is_linear=0
shrinkage=0.06


Tree=33
num_leaves=24
num_cat=0
split_feature=11 0 10 14 1 7 2 1 10 14 8 1 0 0 1 4 13 14 1 1 0 0 4
split_gain=0.99322 0.190421 0.177176 0.0620031 0.0443609 0.031219 0.0225382 0.0188701 0.0175791 0.0148309 0.0148293 0.0122916 0.00917082 0.0083971 0.00807939 0.00799037 0.00756618 0.00749935 0.00468932 0.00440013 0.0032109 0.00312549 0.00309334
threshold=1.0000000180025095e-35 352.74219137964093 1.0000000180025095e-35 1.5000000000000002 43.259200739489188 1.5000000000000002 4.2848541170436816 100.45517015805736 1.5000000000000002 1.0000000180025095e-35 1.0000000180025095e-35 23.744554101113625 232.01269266267721 223.78958474893267 57.993804508593463 1.9484278800256047 1.0000000180025095e-35 1.0000000180025095e-35 64.219602636405384 72.564992200412533 290.89325628318767 405.08276447752519 1.494186132770474
decision_type=2 2 2 2 2 2 2 2 2 2 2 2 2 2 2 2 2 2 2 2 2 2 2
left_child=2 5 4 8 11 10 16 21 15 13 22 -1 -13 -6 -8 -3 18 -12 -4 -7 -11 -5 -2
right_child=1 3 6 7 9 19 14 -9 -10 20 17 12 -14 -15 -16 -17 -18 -19 -20 -21 -22 -23 -24
leaf_value=-0.0024166090445193861 -0.00070230691926553845 0.0013672743359568287 -0.00056658578944804425 0.0029607415212584394 -0.0019617683761118145 0.0011927922762565272 5.4063762887381014e-05 0.0049326691939495506 0.0027742191997551643 -0.00055331622529774908 0.00024173887400221164 -0.0019014704068920729 -0.0013896399056982504 -0.00096333225511876608 0.00090331855308116839 0.0021461589241356864 0.00042663142271339891 0.00091517626561930549 0.00030376204158528709 0.0018645165634341536 0.00022911329976589668 0.0036773125672092039 7.6781026328653961e-05
leaf_weight=70 32 99 156 56 33 66 60 32 86 35 88 196 353 374 123 91 45 184 26 75 41 36 43
leaf_count=70 32 99 156 56 33 66 60 32 86 35 88 196 353 374 123 91 45 184 26 75 41 36 43
internal_value=1.2898e-12 0.00159271 -0.000935403 0.00256318 -0.00133157 0.000797246 0.000129417 0.00367766 0.00206248 -0.000900615 0.000491335 -0.00166784 -0.00157237 -0.00104429 0.000624874 0.00174032 -0.000270005 0.000697299 -0.00044225 0.00155009 -0.000131216 0.00324114 -0.00025563
internal_weight=2400 888 1512 400 1102 488 410 124 276 483 347 619 549 407 183 190 227 272 182 141 76 92 75
internal_count=2400 888 1512 400 1102 488 410 124 276 483 347 619 549 407 183 190 227 272 182 141 76 92 75
is_linear=0
shrinkage=0.06


Tree=34
num_leaves=24
num_cat=0
split_feature=13 6 10 6 5 0 5 5 0 1 1 1 1 5 0 1 15 0 12 0 15 15 5
split_gain=0.88269 0.215126 0.125961 0.0378962 0.0340709 0.0333088 0.0310004 0.0175992 0.0153823 0.0134699 0.0119629 0.00971291 0.00774026 0.00748325 0.0074813 0.00704468 0.00629841 0.00515377 0.0050287 0.00378005 0.00358221 0.00351602 0.00311821
threshold=1.0000000180025095e-35 1.0000000180025095e-35 1.5000000000000002 1.5000000000000002 4.5000000000000009 284.47659139539661 13.500000000000002 1.0000000180025095e-35 299.28534311693738 23.744554101113625 71.461532067377362 83.221448575540037 55.156965027005022 9.5000000000000018 253.30009095451462 48.772331038109066 1.0000000180025095e-35 337.95258127615836 1.0000000180025095e-35 424.4358476176663 1.5000000000000002 1.0000000180025095e-35 10.500000000000002
decision_type=2 2 2 2 2 2 2 2 2 2 2 2 2 2 2 2 2 2 2 2 2 2 2
left_child=1 5 3 10 14 7 11 -1 15 -9 16 -4 21 -10 -3 -6 -2 -5 -16 -13 -12 -7 -19
right_child=2 4 6 17 8 12 -8 9 13 -11 20 19 -14 -15 18 -17 -18 22 -20 -21 -22 -23 -24
leaf_value=-0.0020063998077596936 3.2368171632697338e-05 -0.0013231847221455112 0.0021624857404878217 0.0012993014442241367 -0.00070569624406892025 -0.0010984001061265388 0.0046413300942410437 -0.0023399559537541459 0.00058871408802075068 -0.0012519039113325849 0.001132093434575052 0.0028191087035728353 -7.4393580434843897e-05 0.001610517356994337 -0.00057209845815416732 0.00019888276552002345 0.00079960928217937737 0.0019531264049068853 6.1276998988302821e-05 0.0036337556009148728 0.001870160978869535 -0.00050802358909277253 0.0025952941664129595
leaf_weight=175 48 33 78 34 43 92 34 44 234 593 58 70 63 29 127 111 195 103 70 29 40 60 37
leaf_count=175 48 33 78 34 43 92 34 44 234 593 58 70 63 29 127 111 195 103 70 29 40 60 37
internal_value=-1.6046e-12 -0.000757775 0.00174727 0.0012414 9.91699e-05 -0.00129764 0.00298197 -0.00147347 0.00042253 -0.00132706 0.00087374 0.00266322 -0.000633586 0.000701384 -0.000487097 -5.36945e-05 0.000648055 0.00196192 -0.000347041 0.00305774 0.00143335 -0.000865357 0.00212284
internal_weight=2400 1674 726 515 647 1027 211 812 417 637 341 177 215 263 230 154 243 174 197 99 98 152 140
internal_count=2400 1674 726 515 647 1027 211 812 417 637 341 177 215 263 230 154 243 174 197 99 98 152 140
is_linear=0
shrinkage=0.06


Tree=35
num_leaves=24
num_cat=0
split_feature=14 1 15 14 5 5 4 5 5 4 0 0 4 1 1 0 10 2 1 1 1 16 4
split_gain=0.785142 0.187253 0.0889997 0.0562506 0.0301758 0.022594 0.0183479 0.0178317 0.0152097 0.013355 0.0109088 0.00960471 0.00942492 0.00902936 0.00883758 0.0072106 0.00710003 0.00664689 0.00610684 0.0056849 0.00518864 0.00517296 0.00360359
threshold=1.0000000180025095e-35 72.564992200412533 1.0000000180025095e-35 1.5000000000000002 6.5000000000000009 2.5000000000000004 1.5440710833629907 13.500000000000002 10.500000000000002 1.7352683972097422 339.96358713979129 275.34506088339168 1.6026112900548017 40.650224940562431 63.248487374440096 210.52574437702907 1.5000000000000002 4.1859849001737155 48.772331038109066 38.545625360795832 52.355416079365483 70.484605910923804 2.2320123409510919
decision_type=2 2 2 2 2 2 2 2 2 2 2 2 2 2 2 2 2 2 2 2 2 2 2
left_child=2 4 5 8 9 12 18 22 16 13 20 19 15 -2 17 -1 -3 -8 -4 -7 -6 -20 -5
right_child=1 3 6 7 10 11 14 -9 -10 -11 -12 -13 -14 -15 -16 -17 -18 -19 21 -21 -22 -23 -24
leaf_value=-0.0021164400067113067 -0.0012054931536952676 0.0013398852138869607 -0.001157888677939809 0.0025140998025353139 -6.1847622920241626e-05 -0.001462189134558219 -0.00036348966008138277 0.004597785056879123 0.0024579038482625036 0.00064018094400498428 0.0014834929296285711 -0.00058707072599246176 -0.00062637064287340957 -6.7301297104708721e-06 0.00070962980461498611 -0.0015009725086710002 0.0021289464270319932 0.00041554154781624675 0.00019189882619470794 -0.00092150727907630006 0.00084503838642243083 -0.00075630793105136817 0.0032390131286167082
leaf_weight=83 26 195 64 52 27 127 115 27 80 119 103 164 38 174 68 393 52 60 34 156 143 53 47
leaf_count=83 26 195 64 52 27 127 115 27 80 119 103 164 38 174 68 393 52 60 34 156 143 53 47
internal_value=1.04086e-12 0.00123575 -0.000953033 0.00215391 0.000533172 -0.00126439 -0.000193601 0.00323101 0.00173888 0.000136889 0.000996228 -0.000952422 -0.0015357 -0.000162569 0.000129161 -0.00160829 0.001506 -9.63932e-05 -0.000713011 -0.00116415 0.000701004 -0.000385744 0.00285825
internal_weight=2400 1045 1355 453 592 961 394 126 327 319 273 447 514 200 243 476 247 175 151 283 170 87 99
internal_count=2400 1045 1355 453 592 961 394 126 327 319 273 447 514 200 243 476 247 175 151 283 170 87 99
is_linear=0
shrinkage=0.06


Tree=36
num_leaves=24
num_cat=0
split_feature=13 15 0 8 12 5 12 1 4 0 1 4 1 3 6 5 5 4 4 0 15 14 17
split_gain=0.698056 0.169951 0.0979782 0.043993 0.0331894 0.0229468 0.0192999 0.0126963 0.0123667 0.0107571 0.00914736 0.00856731 0.00831163 0.00826516 0.00652011 0.00619288 0.00534306 0.0043894 0.00349212 0.00341333 0.00328319 0.00276439 0.00241745
threshold=1.0000000180025095e-35 1.0000000180025095e-35 352.74219137964093 2.5000000000000004 1.0000000180025095e-35 3.5000000000000004 1.5000000000000002 71.884410536816759 1.7100340709110957 209.20356936610571 45.401154322626589 1.4090308678038721 45.294886339004087 2.5423560400119416 1.5000000000000002 6.5000000000000009 5.5000000000000009 1.9090022846131012 1.6974978708150739 268.64533606090612 2.5000000000000004 1.0000000180025095e-35 4.5109835968597958
decision_type=2 2 2 2 2 2 2 2 2 2 2 2 2 2 2 2 2 2 2 2 2 2 2
left_child=1 5 7 6 8 9 14 16 13 -1 -6 -7 -11 -3 -4 -12 18 -9 -2 -13 -8 -10 -18
right_child=2 4 3 -5 10 11 20 17 21 12 15 19 -14 -15 -16 -17 22 -19 -20 -21 -22 -23 -24
leaf_value=-0.0019652542321051919 -3.2963411907430625e-05 -0.00019668058245088103 0.0013075301740005112 0.0046712508380413057 -0.00057445151641821626 -0.0011416679357157476 0.0025414580496795035 0.00093162884869936685 -5.6843888014554974e-05 -0.0014010490100849122 0.00034974839737211973 -0.00080076055868210879 -0.00089178412900274941 -0.00086842545774047989 0.0019801092593660276 0.0009011062659534326 0.00056372799127069365 0.0016975427871713273 0.00081317165158689014 -0.00028657123310182685 0.0033236545823514463 0.00062754281368756365 0.0010265661883716159
leaf_weight=92 59 128 78 25 26 119 85 46 42 443 162 78 156 136 155 134 77 65 25 115 25 43 86
leaf_count=92 59 128 78 25 26 119 85 46 42 443 162 78 156 136 155 134 77 65 25 115 25 43 86
internal_value=4.2437e-13 -0.000673878 0.00155382 0.00224131 6.52573e-05 -0.00116835 0.0020642 0.000847127 -0.000340069 -0.0013612 0.000504571 -0.000741261 -0.00126842 -0.000542731 0.00175495 0.00059935 0.000607596 0.00138014 0.000218862 -0.000494378 0.00271923 0.000289375 0.000807925
internal_weight=2400 1674 726 368 671 1003 343 358 349 691 322 312 599 264 233 296 247 111 84 193 110 85 163
internal_count=2400 1674 726 368 671 1003 343 358 349 691 322 312 599 264 233 296 247 111 84 193 110 85 163
is_linear=0
shrinkage=0.06


Tree=37
num_leaves=24
num_cat=0
split_feature=11 5 10 8 5 13 12 0 13 4 1 0 0 1 4 5 3 1 0 0 1 0 1
split_gain=0.626799 0.126853 0.110769 0.0393212 0.0286615 0.019704 0.0194642 0.014816 0.0126453 0.00989571 0.00796039 0.00747228 0.00686438 0.0063297 0.00625369 0.00552672 0.00481321 0.00325523 0.00317644 0.00276147 0.0025017 0.00196368 0.00265945
threshold=1.0000000180025095e-35 8.5000000000000018 1.0000000180025095e-35 2.5000000000000004 4.5000000000000009 1.0000000180025095e-35 1.5000000000000002 225.3129681088906 1.0000000180025095e-35 1.1453030243741278 55.908128045593983 346.10026999613137 389.89998049377033 45.401154322626589 1.42379237555407 4.5000000000000009 2.615806015585258 58.540198101213356 262.79457368156631 192.72306660255589 83.221448575540037 329.29179628110955 60.62576880259239
decision_type=2 2 2 2 2 2 2 2 2 2 2 2 2 2 2 2 2 2 2 2 2 2 2
left_child=2 5 4 6 7 13 12 19 10 -9 -4 17 -3 -2 -6 -12 -15 -7 -16 -1 -8 22 -10
right_child=1 3 8 -5 14 11 20 9 21 -11 15 -13 -14 16 18 -17 -18 -19 -20 -21 -22 -23 -24
leaf_value=-0.0020984429042213235 -0.00050254441652214149 0.0014610417240237439 -0.0004004007395424489 0.0043909757092595097 -0.00088860953464025205 0.0002061736223948819 0.0021011447291821241 -0.0017385354304594368 0.00080863157616477103 -0.00098984284529818767 -0.00026689737391683997 0.0014243705439815314 0.0022503087087417952 0.00053182672558625839 -0.00068449090040909749 0.00049624429744125648 -0.00014666538613265074 0.00090667918719051295 -3.1382227166821912e-05 -0.0015398385267752896 0.0027384503788369539 0.00094752960863146696 1.5330641908803954e-05
leaf_weight=39 32 192 155 25 71 31 30 71 32 606 54 103 50 189 36 93 47 104 105 174 85 47 29
leaf_count=39 32 192 155 25 71 31 30 71 32 606 54 103 50 189 36 93 47 104 105 174 85 47 29
internal_value=5.1873e-13 0.00126526 -0.000743088 0.00209061 -0.00105633 0.000642167 0.00192952 -0.00120568 9.88557e-05 -0.00106836 -0.00010041 0.00103948 0.00162411 0.00028933 -0.000429378 0.000215907 0.000396703 0.000745822 -0.000198133 -0.00164212 0.0025722 0.000656062 0.000431489
internal_weight=2400 888 1512 382 1102 506 357 890 410 677 302 238 242 268 212 147 236 135 141 213 115 108 61
internal_count=2400 888 1512 382 1102 506 357 890 410 677 302 238 242 268 212 147 236 135 141 213 115 108 61
is_linear=0
shrinkage=0.06


Tree=38
num_leaves=24
num_cat=0
split_feature=11 5 10 11 5 13 2 0 12 5 12 0 15 14 0 5 13 5 17 3 0 16 2
split_gain=0.553839 0.112087 0.0978754 0.0354149 0.0253253 0.0174104 0.0141725 0.0130914 0.0118565 0.00961803 0.00922387 0.0066025 0.00618585 0.00574163 0.0055642 0.00485372 0.00364967 0.00364425 0.00355092 0.00252235 0.00244004 0.00212999 0.00194919
threshold=1.0000000180025095e-35 8.5000000000000018 1.0000000180025095e-35 1.5000000000000002 4.5000000000000009 1.0000000180025095e-35 4.2848541170436816 225.3129681088906 1.5000000000000002 12.500000000000002 1.0000000180025095e-35 346.10026999613137 1.0000000180025095e-35 1.5000000000000002 265.61843624131274 3.5000000000000004 1.0000000180025095e-35 5.5000000000000009 1.1762336342305049 2.2975436822022073 192.72306660255589 71.803515730303701 2.3127023129025104
decision_type=2 2 2 2 2 2 2 2 2 2 2 2 2 2 2 2 2 2 2 2 2 2 2
left_child=2 5 4 8 7 12 15 20 13 -5 -9 19 -2 -3 22 -4 -8 -14 -17 -7 -1 -10 -6
right_child=1 3 6 9 14 11 16 10 21 -11 -12 -13 17 -15 -16 18 -18 -19 -20 -21 -22 -23 -24
leaf_value=-0.0019725363221592628 -0.00031553070448213616 0.0013524866703458055 -0.00068667906540213156 0.0025898184247412962 -0.0011859028933104128 0.00092958355668662604 0.00029166565023479047 -0.0010661229958185785 0.0020070376498292066 0.0040407295390192804 -0.00021140192417152894 0.0013389083088457005 0.00014548693829221355 0.0021967972779427382 -0.00016909526039215512 -0.00059480951420430627 0.0008556187453879309 0.00064010693631224474 8.4956119019559336e-05 0.00040672044075262863 -0.0014474482180186644 0.0026113070753802144 -0.00056938638579026699
leaf_weight=39 52 197 60 38 30 76 120 628 42 29 49 103 99 34 134 35 63 117 132 59 174 42 48
leaf_count=39 52 197 60 38 30 76 120 628 42 29 49 103 99 34 134 35 63 117 132 59 174 42 48
internal_value=3.24917e-14 0.00118934 -0.000698503 0.00196517 -0.000992954 0.000603637 9.29244e-05 -0.00113334 0.00169873 0.00321782 -0.00100426 0.000977111 0.000271971 0.00147676 -0.000403615 -0.00022381 0.000485813 0.000413406 -5.75097e-05 0.000701073 -0.00154359 0.00230917 -0.000806508
internal_weight=2400 888 1512 382 1102 506 410 890 315 67 677 238 268 231 212 227 183 216 167 135 213 84 78
internal_count=2400 888 1512 382 1102 506 410 890 315 67 677 238 268 231 212 227 183 216 167 135 213 84 78
is_linear=0
shrinkage=0.06


Tree=39
num_leaves=24
num_cat=0
split_feature=14 0 0 8 13 5 4 5 4 4 6 4 5 5 0 15 4 2 0 3 5 16 0
split_gain=0.490944 0.114277 0.0568816 0.0329171 0.0284662 0.0158973 0.0157028 0.0134465 0.00993316 0.00818765 0.00732935 0.00677089 0.00648041 0.00596285 0.0048839 0.00485141 0.00414362 0.00404364 0.003261 0.00324527 0.00297349 0.00230011 0.0021597
threshold=1.0000000180025095e-35 359.17609902846363 277.49804566881181 2.5000000000000004 1.0000000180025095e-35 4.5000000000000009 2.117127822926316 1.0000000180025095e-35 1.5086210784787866 1.5391991043483231 1.5000000000000002 1.2833281530449707 3.5000000000000004 10.500000000000002 322.25780741357181 1.0000000180025095e-35 1.1453030243741278 6.6670807088941553 245.04128348909157 2.6732320413465431 4.5000000000000009 78.910168356887056 352.74219137964093
decision_type=2 2 2 2 2 2 2 2 2 2 2 2 2 2 2 2 2 2 2 2 2 2 2
left_child=2 4 7 6 8 11 13 -1 -2 16 20 -4 -10 -3 -13 21 -9 -8 -11 -17 -6 -7 -12
right_child=1 3 5 -5 10 15 17 9 12 18 22 14 -14 -15 -16 19 -18 -19 -20 -21 -22 -23 -24
leaf_value=-0.0015198609731305623 -0.00040820400403130666 0.0011425605619257261 -0.0012562037217763386 0.0039428881153464315 0.00011888816496357321 -3.7175370380282395e-05 0.0018371296321856789 -0.0014659218147183614 -0.00034503643222283137 -0.00095649417214828749 0.0011834616559863208 -0.00054572238666217093 0.00045405783381328893 0.0019393662130460143 0.00021400691402959638 0.00042439763712577686 -0.00097583697184971052 0.0024708444613657176 -0.00035428210272374805 -0.00032069339761510489 0.00081674074944453176 -0.0007549670437154418 0.0017957212042529135
leaf_weight=176 84 146 42 25 25 45 72 72 43 47 80 198 243 44 36 133 452 73 104 25 182 25 28
leaf_count=176 84 146 42 25 25 45 72 72 43 47 80 198 243 44 36 133 452 73 104 25 182 25 28
internal_value=-1.25056e-15 0.000977177 -0.000753616 0.00184268 0.000522316 -0.00024847 0.00168594 -0.00105279 0.000165433 -0.000931 0.000941512 -0.000554744 0.000333914 0.00132708 -0.000428841 0.000122283 -0.00104318 0.00215617 -0.000541726 0.000306503 0.000732459 -0.00029353 0.0013422
internal_weight=2400 1045 1355 360 685 504 335 851 370 675 315 276 286 190 234 228 524 145 151 158 207 70 108
internal_count=2400 1045 1355 360 685 504 335 851 370 675 315 276 286 190 234 228 524 145 151 158 207 70 108
is_linear=0
shrinkage=0.06


Tree=40
num_leaves=24
num_cat=0
split_feature=11 5 10 11 1 1 2 0 5 1 5 15 5 12 4 12 5 1 4 4 1 0 2
split_gain=0.437415 0.088239 0.0770677 0.0286957 0.0215952 0.0144517 0.0115004 0.00971072 0.00802098 0.00779471 0.00776723 0.00776448 0.00677067 0.00476262 0.00435937 0.00424376 0.00394127 0.00386778 0.00374688 0.00340386 0.00242859 0.00204861 0.00202807
threshold=1.0000000180025095e-35 8.5000000000000018 1.0000000180025095e-35 1.5000000000000002 43.259200739489188 72.564992200412533 4.2848541170436816 388.0106664452527 12.500000000000002 23.744554101113625 4.5000000000000009 1.0000000180025095e-35 1.0000000180025095e-35 1.0000000180025095e-35 1.5265483101536057 1.5000000000000002 6.5000000000000009 57.993804508593463 2.0887628405414875 1.4772633625201943 58.12975498543917 289.11553145655722 1.9291592955049726
decision_type=2 2 2 2 2 2 2 2 2 2 2 2 2 2 2 2 2 2 2 2 2 2 2
left_child=2 5 4 7 9 11 16 15 -5 22 13 -2 -11 -6 -13 -3 21 -8 -7 -12 -18 -4 -1
right_child=1 3 6 8 10 18 17 -9 -10 12 19 14 -14 -15 -16 -17 20 -19 -20 -21 -22 -23 -24
leaf_value=-0.0019845475109362201 -0.00025568797858113609 0.0011661735430747145 -0.00053808522758059076 0.0022994078720282567 -0.00081282229423759766 0.00090241000185114812 4.0496666581020693e-05 0.0020124563311508512 0.0036243951230727394 -0.0014287060126382857 -0.00059557311834342887 -0.00016015233019632953 -0.00092622987034495592 -9.2113638922849012e-05 0.0005509516184279197 0.0018632985747688889 -0.00014358050900045783 0.00062809335709927119 0.0016643708494957536 1.9208973723599747e-05 0.00064079351956024765 -0.00011965925988209035 -0.0013289296877249804
leaf_weight=41 64 182 93 38 306 103 60 95 29 125 51 35 424 37 274 38 30 123 30 89 27 77 29
leaf_count=41 64 182 93 38 306 103 60 95 29 125 51 35 424 37 274 38 30 123 30 89 27 77 29
internal_value=-9.43373e-13 0.00105697 -0.000620759 0.00174533 -0.000882043 0.000537294 8.1521e-05 0.0015055 0.00287291 -0.00111666 -0.000581359 0.000345821 -0.00104064 -0.000735078 0.000470406 0.00128659 -0.000203796 0.000435439 0.00107428 -0.000204747 0.000227965 -0.000348563 -0.00171293
internal_weight=2400 888 1512 382 1102 506 410 315 67 619 483 373 549 343 309 220 227 183 133 140 57 170 70
internal_count=2400 888 1512 382 1102 506 410 315 67 619 483 373 549 343 309 220 227 183 133 140 57 170 70
is_linear=0
shrinkage=0.06


Tree=41
num_leaves=24
num_cat=0
split_feature=5 6 4 1 11 1 4 15 2 15 1 5 5 0 0 2 1 5 1 0 4 10 10
split_gain=0.387259 0.0820263 0.0650318 0.0201085 0.0188176 0.0176146 0.0126653 0.00862806 0.00694894 0.00686438 0.00659313 0.00608993 0.00606585 0.00517165 0.00486486 0.00467905 0.00427019 0.00426427 0.00336752 0.00278773 0.00189237 0.00187082 0.00168245
threshold=6.5000000000000009 1.0000000180025095e-35 2.10722178569858 72.564992200412533 1.5000000000000002 43.259200739489188 1.5525814213159184 1.0000000180025095e-35 4.5200130481283081 2.5000000000000004 22.807407329738268 1.0000000180025095e-35 4.5000000000000009 368.02854550043509 222.59491637944117 2.9251671929942051 57.42312710931953 10.500000000000002 65.754999230376683 275.34506088339168 1.2652932581164105 1.5000000000000002 1.5000000000000002
decision_type=2 2 2 2 2 2 2 2 2 2 2 2 2 2 2 2 2 2 2 2 2 2 2
left_child=1 5 3 7 13 10 18 -2 19 -6 20 -12 14 -4 -7 -9 -10 22 -3 -8 -1 -15 -5
right_child=2 6 4 17 9 12 8 15 16 -11 11 -13 -14 21 -16 -17 -18 -19 -20 -21 -22 -23 -24
leaf_value=-0.0019548264937475322 -0.00033313070361632417 -0.00047175154141391762 0.0012296384318721142 0.00094632821879078906 0.0022788746299920604 -0.0014610552579128685 -0.00037312447818277296 -0.00014965727778777865 -1.6366262706321512e-06 0.0036327636657425989 -0.0013599832191175665 -0.00088724789395252753 -0.00010755472129287311 0.0015733130108320007 -0.0006059494924147657 0.00065179433430566066 0.0006901357342181067 0.0016661588982503229 0.00025138324359431864 0.00012389881348695027 -0.0012748342529476549 0.0021017831541724841 0.0014102222394285489
leaf_weight=34 43 164 66 129 28 26 53 29 43 26 128 420 86 38 304 274 127 53 27 174 26 66 36
leaf_count=34 43 164 66 129 28 26 53 29 43 26 128 420 86 38 304 274 127 53 27 174 26 66 36
internal_value=-9.13133e-14 -0.000532877 0.0010901 0.000746592 0.001955 -0.000857205 3.19384e-05 0.000462217 0.000225087 0.00293075 -0.00106305 -0.000997668 -0.00055636 0.00164506 -0.000673321 0.000575088 0.000515158 0.00119794 -0.000369528 7.85373e-06 -0.00166016 0.00190869 0.00104754
internal_weight=2400 1612 788 564 224 1024 588 346 397 54 608 548 416 170 330 303 170 218 191 227 60 104 165
internal_count=2400 1612 788 564 224 1024 588 346 397 54 608 548 416 170 330 303 170 218 191 227 60 104 165
is_linear=0
shrinkage=0.06


Tree=42
num_leaves=24
num_cat=0
split_feature=13 6 10 13 4 6 14 4 1 16 4 5 2 1 1 5 3 2 4 5 14 1 1
split_gain=0.34757 0.084838 0.0502773 0.0162599 0.0145491 0.0142362 0.0140344 0.00781553 0.00731687 0.00704191 0.006845 0.00593298 0.00581843 0.00452271 0.00405931 0.00374769 0.00369697 0.00315036 0.00281966 0.00265285 0.00244341 0.00209056 0.00190576
threshold=1.0000000180025095e-35 1.0000000180025095e-35 1.5000000000000002 1.5000000000000002 1.3510140760055493 1.5000000000000002 1.0000000180025095e-35 1.5086210784787866 53.19438976377252 76.65662396746643 2.2404679393003186 5.5000000000000009 3.5718138848105752 22.807407329738268 48.772331038109066 3.5000000000000004 2.6983960166566905 7.0308591558318163 1.943737170392716 4.5000000000000009 1.5000000000000002 82.815124246741547 35.962457023350218
decision_type=2 2 2 2 2 2 2 2 2 2 2 2 2 2 2 2 2 2 2 2 2 2 2
left_child=1 4 5 10 9 12 14 -8 11 13 21 -6 -2 -1 -3 -9 -10 -12 -14 -16 -7 -4 -11
right_child=2 6 3 -5 8 20 7 15 16 22 17 -13 18 -15 19 -17 -18 -19 -20 -21 -22 -23 -24
leaf_value=-0.001761675713139332 8.472285030293278e-05 -0.00055002489676990083 0.0011630129473560371 0.0033131461188197135 -0.00080571216637743547 0.0011117007578845082 -0.00032663700487838861 -0.00019981214703373803 6.2979254357565143e-05 -0.00027404892040067353 0.0016759717231616376 -0.0001712551160486445 0.00055725108984761192 -0.0011116280208962345 -0.00032587275737988125 0.00051902389896541249 -0.0006735950463917106 0.002519091413392184 0.00098635704220774076 0.00011383664407263936 0.0016920704982840106 0.0016638799255015327 -0.00080734592533375765
leaf_weight=44 75 100 60 25 368 142 56 29 77 32 27 62 188 310 89 262 36 39 78 111 32 60 98
leaf_count=44 75 100 60 25 368 142 56 29 77 32 27 62 188 310 89 262 36 39 78 111 32 60 98
internal_value=1.71929e-13 -0.000475507 0.00109642 0.00187648 -0.000814535 0.000776818 6.2641e-05 0.000322473 -0.000601326 -0.00105374 0.00168338 -0.000714232 0.000551476 -0.00119242 -0.000237898 0.000447387 -0.000171682 0.00217418 0.000683079 -8.1834e-05 0.00121844 0.00141345 -0.000676073
internal_weight=2400 1674 726 211 1027 515 647 347 543 484 186 430 341 354 300 291 113 66 266 200 174 120 130
internal_count=2400 1674 726 211 1027 515 647 347 543 484 186 430 341 354 300 291 113 66 266 200 174 120 130
is_linear=0
shrinkage=0.06


Tree=43
num_leaves=24
num_cat=0
split_feature=11 5 10 8 1 1 12 2 2 13 0 1 5 14 14 5 1 12 1 1 2 5 2
split_gain=0.3087 0.0615101 0.0541983 0.0234572 0.0147501 0.0102597 0.00969655 0.00814751 0.00657908 0.0056836 0.00609266 0.00539076 0.00505071 0.00464134 0.00329192 0.00300407 0.00272887 0.00241858 0.00224478 0.00198654 0.00168386 0.00165625 0.00156243
threshold=1.0000000180025095e-35 8.5000000000000018 1.0000000180025095e-35 2.5000000000000004 43.259200739489188 57.42312710931953 1.5000000000000002 4.2848541170436816 4.0144053260888848 1.0000000180025095e-35 290.89325628318767 23.744554101113625 1.0000000180025095e-35 1.5000000000000002 1.0000000180025095e-35 3.5000000000000004 55.908128045593983 1.0000000180025095e-35 66.431831454989762 45.401154322626589 1.9291592955049726 4.5000000000000009 6.539659030403203
decision_type=2 2 2 2 2 2 2 2 2 2 2 2 2 2 2 2 2 2 2 2 2 2 2
left_child=2 5 4 6 11 19 13 15 18 10 -6 20 -13 -3 -10 -4 -9 -17 -7 -2 -1 -18 -8
right_child=1 3 7 -5 9 8 22 16 14 -11 -12 12 -14 -15 -16 17 21 -19 -20 -21 -22 -23 -24
leaf_value=-0.0016778679958703677 -0.00034813766612818364 0.0010022722337889717 -0.00053685015358496458 0.0032393960371613498 -0.00068990881884782086 -0.00015162340759267208 0.0015002892714359665 -7.4121648247134603e-06 0.00029494540646935445 0.0002023626139830762 -0.00019201335303493028 -0.0012064526065578682 -0.00077246680388408037 0.0016960827086170737 0.00084959185396356481 -0.00023346828331898217 0.0001257310403443332 0.0002302476029296446 0.00048582976860170432 0.00015813182106441152 -0.001080472175963223 0.00062710324870632838 0.0019596084620331555
leaf_weight=41 38 200 60 25 322 43 42 51 46 39 122 125 424 42 237 98 31 69 37 105 29 101 73
leaf_count=41 38 200 60 25 322 43 42 51 46 39 122 125 424 42 237 98 31 69 37 105 29 101 73
internal_value=-1.38887e-12 0.000887939 -0.000521488 0.00146267 -0.000740602 0.000454054 0.00133825 6.7447e-05 0.000623627 -0.0004921 -0.0005531 -0.000934505 -0.00087128 0.00112269 0.000759437 -0.000172704 0.000365339 -4.18731e-05 0.000143199 2.35987e-05 -0.00143038 0.000509357 0.00179186
internal_weight=2400 888 1512 382 1102 506 357 410 363 483 444 619 549 242 283 227 183 167 80 143 70 132 115
internal_count=2400 888 1512 382 1102 506 357 410 363 483 444 619 549 242 283 227 183 167 80 143 70 132 115
is_linear=0
shrinkage=0.06


Tree=44
num_leaves=24
num_cat=0
split_feature=13 15 1 12 0 5 0 0 1 4 14 1 4 2 1 4 0 3 1 1 4 3 3
split_gain=0.273753 0.0676098 0.0401514 0.014566 0.0128894 0.0108063 0.0103585 0.00722842 0.0071949 0.00586544 0.00439313 0.00424393 0.00413406 0.00354982 0.002934 0.00252507 0.00234857 0.00186911 0.00173422 0.00166559 0.00193741 0.00161994 0.00105191
threshold=1.0000000180025095e-35 1.0000000180025095e-35 82.815124246741547 1.0000000180025095e-35 429.08280619746688 7.5000000000000009 286.76940940319395 210.52574437702907 65.63742803056077 1.30161415118959 1.5000000000000002 45.401154322626589 1.5440710833629907 4.4075026496000183 69.812622758014669 1.4991397429221325 359.17609902846363 1.884823723835964 59.987965285554182 54.581009720045365 1.3318355802469259 2.2577994493891125 2.4936385751556251
decision_type=2 2 2 2 2 2 2 2 2 2 2 2 2 2 2 2 2 2 2 2 2 2 2
left_child=1 6 5 8 16 13 7 -1 12 -9 14 -5 -3 18 -7 -13 -4 -18 -2 20 -8 -15 -21
right_child=2 3 4 11 -6 10 19 9 -10 -11 -12 15 -14 21 -16 -17 17 -19 -20 22 -22 -23 -24
leaf_value=-0.0012547230559864539 0.00035661219591358014 -0.00058512206964783555 0.00097269877835916459 -0.00039973828972926219 0.0025884715367906859 0.00056928083226330268 -0.00089281755902144747 -0.0009601686928853221 0.00048375039916330324 -0.00060851976027702793 0.0016220679179194473 -7.876639942904668e-05 -0.00013789284675520569 0.00081344297241783977 0.0010247755157802851 0.00046395827223441095 0.0016734165418194607 0.0012179266588645985 -0.00010339218229466282 -0.00036309838554589074 -0.00030856262545967181 0.00038903532095528284 0.00014071043001840242
leaf_weight=119 70 130 34 26 42 80 27 285 45 426 31 35 174 69 140 261 100 48 51 25 84 61 37
leaf_count=119 70 130 34 26 42 80 27 285 45 426 31 35 174 69 140 261 100 48 51 25 84 61 37
internal_value=-4.6052e-13 -0.000422003 0.000973049 4.41917e-05 0.00164103 0.000674987 -0.000733884 -0.000821915 -0.000224328 -0.000749476 0.000953367 0.000335227 -0.000329142 0.000396608 0.000859141 0.000399785 0.00142238 0.00152569 0.000162726 -0.000311541 -0.000450679 0.000614298 -6.24383e-05
internal_weight=2400 1674 726 671 224 502 1003 830 349 711 251 322 304 251 220 296 182 148 121 173 111 130 62
internal_count=2400 1674 726 671 224 502 1003 830 349 711 251 322 304 251 220 296 182 148 121 173 111 130 62
is_linear=0
shrinkage=0.06


Tree=45
num_leaves=24
num_cat=0
split_feature=11 5 10 8 5 1 12 1 2 12 15 4 4 17 7 1 4 17 2 1 16 2 17
split_gain=0.243694 0.0483012 0.0426703 0.0195457 0.0121719 0.00811037 0.00762437 0.00752119 0.00647325 0.00510988 0.00463495 0.00378218 0.00298503 0.00259761 0.00289427 0.00255732 0.0025558 0.00251449 0.00233238 0.00196992 0.00161312 0.00148732 0.00123343
threshold=1.0000000180025095e-35 8.5000000000000018 1.0000000180025095e-35 2.5000000000000004 4.5000000000000009 72.564992200412533 1.5000000000000002 31.089856241422783 4.2848541170436816 1.0000000180025095e-35 1.0000000180025095e-35 1.9717748717392871 1.42379237555407 1.1762336342305049 1.0000000180025095e-35 45.682699627818515 2.0887628405414875 10.983830262147878 5.4839974341033662 21.834142764410114 73.452826853600897 4.3771990849577334 2.7962555613377562
decision_type=2 2 2 2 2 2 2 2 2 2 2 2 2 2 2 2 2 2 2 2 2 2 2
left_child=2 5 4 6 7 10 11 19 13 -9 22 -3 -6 -4 -15 -12 20 18 -10 -1 -7 -14 -2
right_child=1 3 8 -5 12 16 -8 9 17 -11 15 -13 21 14 -16 -17 -18 -19 -20 -21 -22 -23 -24
leaf_value=-0.0013905250799842177 -0.00048414722527377309 0.00069844118831679223 -0.00054678716129274107 0.0029200671605765817 -0.00056646443503780919 0.00093434190819971258 0.001586879045297594 -0.00070167728377448692 0.00036568565305907674 -6.5248003799696353e-05 -0.00021221059347646166 0.0011841874388319781 -0.00019073243713874772 -0.00045405933152923878 9.4232057229171246e-05 0.00040957896392416582 0.0012940761670470237 0.0006208714045351371 -0.00018735381101247516 -0.0009620969776228508 0.00045562102993275839 0.00028541424230206757 4.3688064444508844e-05
leaf_weight=50 30 95 48 25 71 45 115 621 73 49 26 147 111 47 132 283 30 66 44 170 58 30 34
leaf_count=50 30 95 48 25 71 45 115 621 73 49 26 147 111 47 132 283 30 66 44 170 58 30 34
internal_value=-7.48446e-13 0.000788928 -0.000463339 0.00129822 -0.000657758 0.000404443 0.00118465 -0.00075508 5.92221e-05 -0.000655132 0.000261004 0.000993502 -0.000249188 -0.000154837 -4.97327e-05 0.00035726 0.000806719 0.000324749 0.000157705 -0.00105947 0.000664771 -8.94246e-05 -0.000203735
internal_weight=2400 888 1512 382 1102 506 357 890 410 670 373 242 212 227 179 309 133 183 117 220 103 141 64
internal_count=2400 888 1512 382 1102 506 357 890 410 670 373 242 212 227 179 309 133 183 117 220 103 141 64
is_linear=0
shrinkage=0.06


Tree=46
num_leaves=24
num_cat=0
split_feature=14 1 0 4 5 4 1 5 1 4 1 5 5 3 0 0 4 16 5 4 5 0 0
split_gain=0.216445 0.0508992 0.0259128 0.0136693 0.0129465 0.0113911 0.00600019 0.00575806 0.00557253 0.00495376 0.0048676 0.00399423 0.00389916 0.00351933 0.0031539 0.00253427 0.00249851 0.00223006 0.00261449 0.00200321 0.00181633 0.00180935 0.00137294
threshold=1.0000000180025095e-35 79.494537093980256 289.7405762131458 1.8522208232150805 13.500000000000002 1.494186132770474 24.509139806904198 1.0000000180025095e-35 42.100477605116062 2.2104271309940842 57.5518223365087 6.5000000000000009 9.5000000000000018 2.951987956895703 356.39197982858451 265.19537302708574 1.8892262040401329 78.156774860617716 5.5000000000000009 1.6048204150844414 4.5000000000000009 237.67793295431156 308.61400077752393
decision_type=2 2 2 2 2 2 2 2 2 2 2 2 2 2 2 2 2 2 2 2 2 2 2
left_child=2 3 5 8 9 6 21 -8 -2 16 20 -10 14 15 -5 -7 -3 18 -12 -19 22 -1 -4
right_child=1 4 10 12 -6 13 7 -9 11 -11 17 -13 -14 -15 -16 -17 -18 19 -20 -21 -22 -23 -24
leaf_value=-0.0010719401554903016 -0.00049052859781446249 0.0006439131135882165 -0.00024361538619575041 0.00041622460033977402 0.0023621723607081817 -0.00043922382027470605 -0.0010721719325261397 -0.0006302935562090212 8.7074158824360293e-05 0.0015745550288353116 -0.00026714482727693394 0.00046787478302576344 0.0010559507051032225 -0.00086651480756700034 0.00091659575609418626 -6.1753792553555123e-05 0.0011339108212312351 0.00014806864378947971 0.00036701256857089572 0.0008789505693776946 -2.9911008782730235e-05 -0.0016814640655906663 -0.00066785277815015849
leaf_weight=50 41 52 76 150 37 136 135 497 242 75 50 168 81 40 65 121 134 27 44 27 82 27 43
leaf_count=50 41 52 76 150 37 136 135 497 242 75 50 168 81 40 65 121 134 27 44 27 82 27 43
internal_value=-1.04576e-12 0.00064883 -0.000500389 0.000384348 0.00131181 -0.000654933 -0.000785607 -0.000724682 0.000176415 0.00116291 -5.49121e-05 0.00024311 0.000701164 -0.000342987 0.0005675 -0.000261504 0.000996922 0.000206222 2.96948e-05 0.00051351 -0.00024719 -0.00128567 -0.000396911
internal_weight=2400 1045 1355 747 298 1006 709 632 451 261 349 410 296 297 215 257 186 148 94 54 201 77 119
internal_count=2400 1045 1355 747 298 1006 709 632 451 261 349 410 296 297 215 257 186 148 94 54 201 77 119
is_linear=0
shrinkage=0.06


Tree=47
num_leaves=24
num_cat=0
split_feature=11 5 5 8 8 1 5 14 1 4 0 5 10 1 0 16 4 3 1 4 12 16 0
split_gain=0.192611 0.0377384 0.0338971 0.0163121 0.0129736 0.00684005 0.00663119 0.0061853 0.0041402 0.00382682 0.00366623 0.00349425 0.00378134 0.00338458 0.00293674 0.00247081 0.00237174 0.00222737 0.00213228 0.00209771 0.00189468 0.00186882 0.0017487
threshold=1.0000000180025095e-35 8.5000000000000018 3.5000000000000004 2.5000000000000004 1.0000000180025095e-35 43.259200739489188 5.5000000000000009 1.5000000000000002 72.564992200412533 1.6026112900548017 286.76940940319395 2.5000000000000004 1.0000000180025095e-35 79.494537093980256 225.3129681088906 77.003134603285744 1.2158326401148918 2.4063546763316244 23.744554101113625 1.5086210784787866 1.0000000180025095e-35 72.521570542531251 240.32519238635777
decision_type=2 2 2 2 2 2 2 2 2 2 2 2 2 2 2 2 2 2 2 2 2 2 2
left_child=2 6 5 7 16 9 11 13 17 18 21 -2 -13 -3 -7 -10 -4 -8 -1 -12 -16 -6 -18
right_child=1 3 4 -5 10 14 8 -9 15 -11 19 12 -14 -15 20 -17 22 -19 -20 -21 -22 -23 -24
leaf_value=-0.0011982393406836662 -0.00059096816098317502 0.00069461481050601211 -0.00090208728381964767 0.0026331812767311931 2.1759359931041086e-06 -0.0010354934362212902 0.00051307607042015246 0.0014347054764262534 0.0010238302287116188 -0.00022720870744386636 -0.00011634138160540411 -0.00021296317811663213 0.00040398195134912386 0.0011384506426024552 -0.00046381453097995928 0.00042723613161605931 -0.00061241960246497603 0.00011246561453355332 -0.00081172607429423572 0.00033257965832953168 -2.4251048935849854e-05 -0.00057987391862893828 -0.00025325060131748257
leaf_weight=59 25 143 28 25 63 29 139 105 73 37 45 57 96 109 254 38 61 78 398 224 41 29 244
leaf_count=59 25 143 28 25 63 29 139 105 73 37 45 57 96 109 254 38 61 78 398 224 41 29 244
internal_value=-2.94881e-13 0.000701383 -0.000411923 0.00115156 -0.000103496 -0.000673597 0.000361529 0.0010478 0.000521538 -0.000814109 0.00014566 6.66807e-05 0.00017414 0.000886591 -0.00045936 0.000819591 -0.000373601 0.000369078 -0.000861626 0.000257481 -0.000402723 -0.000181296 -0.000325084
internal_weight=2400 888 1512 382 694 818 506 357 328 494 361 178 153 252 324 111 333 217 457 269 295 92 305
internal_count=2400 888 1512 382 694 818 506 357 328 494 361 178 153 252 324 111 333 217 457 269 295 92 305
is_linear=0
shrinkage=0.06


Tree=48
num_leaves=24
num_cat=0
split_feature=13 6 14 1 0 4 15 0 4 14 2 17 16 17 1 3 16 16 10 0 3 17 4
split_gain=0.173783 0.0412919 0.0254122 0.00905497 0.00804324 0.00749277 0.0068651 0.00536009 0.00442815 0.00411421 0.0037072 0.00288215 0.00284884 0.0027293 0.00270186 0.00234623 0.00229491 0.00202992 0.00199953 0.00172433 0.00169729 0.00148133 0.00147471
threshold=1.0000000180025095e-35 1.0000000180025095e-35 1.5000000000000002 81.566747987994987 284.47659139539661 1.5391991043483231 2.5000000000000004 210.52574437702907 1.2716742140511079 1.0000000180025095e-35 4.425722239314406 4.5109835968597958 71.014191613470715 14.052455562654506 55.156965027005022 2.2725219816530018 78.078618971407408 78.545965427653599 1.5000000000000002 300.01977184350216 1.9403459621939987 12.637473654153139 1.4578282211417928
decision_type=2 2 2 2 2 2 2 2 2 2 2 2 2 2 2 2 2 2 2 2 2 2 2
left_child=1 4 3 10 7 19 20 21 -9 12 11 -2 -7 -11 16 -12 -6 -16 -5 22 -4 -1 -3
right_child=2 5 6 18 14 9 -8 8 -10 13 15 -13 -14 -15 17 -17 -18 -19 -20 -21 -22 -23 -24
leaf_value=-0.00090842404571103762 -3.4947832910765013e-05 -0.00024133892443559663 0.0011177895545532086 0.00082025637911872849 -0.00022256952833081369 -0.00029684571916401513 0.0022436860688030721 -0.00080430532522761248 -0.00048676422030965977 0.00024295414009357501 0.00072038696451829536 0.00047369215714292639 0.00017346763950701308 0.00080334730659160415 -0.00024078812587752262 0.00035172496837881077 -0.00072138377588256547 0.00044114783186523709 0.0012714674758410637 -2.3887612943297189e-05 0.0016823350872772816 -0.0013945057496593724 -0.00066314623528160148
leaf_weight=83 73 74 73 79 103 88 35 242 456 239 196 89 98 36 33 91 49 30 64 62 26 31 50
leaf_count=83 73 74 73 79 103 88 35 242 456 239 196 89 98 36 33 91 49 30 64 62 26 31 50
internal_value=-4.95311e-13 -0.000336232 0.000775279 0.000606393 -0.000572755 3.92064e-05 0.00152141 -0.000659157 -0.000596857 0.000168902 0.000473965 0.00024449 -4.90462e-05 0.000316315 -0.000246437 0.000603494 -0.000383371 8.39433e-05 0.0010222 -0.000282244 0.00126605 -0.0010406 -0.000411423
internal_weight=2400 1674 726 592 1027 647 134 812 698 461 449 162 186 275 215 287 152 63 143 186 99 114 124
internal_count=2400 1674 726 592 1027 647 134 812 698 461 449 162 186 275 215 287 152 63 143 186 99 114 124
is_linear=0
shrinkage=0.06


Tree=49
num_leaves=24
num_cat=0
split_feature=13 15 5 12 1 4 5 1 1 4 10 1 16 5 3 2 16 16 7 2 4 2 16
split_gain=0.153554 0.0371274 0.0242502 0.0088253 0.00823054 0.00682673 0.00658101 0.00486999 0.00403865 0.00345916 0.00303026 0.00273661 0.00272721 0.0026544 0.00250581 0.00211511 0.00177662 0.00174748 0.00164803 0.0014461 0.0014185 0.00114422 0.000970563
threshold=1.0000000180025095e-35 1.0000000180025095e-35 11.500000000000002 1.0000000180025095e-35 71.461532067377362 2.4300203608386268 1.5000000000000002 65.63742803056077 31.089856241422783 1.5477092959168959 1.5000000000000002 45.401154322626589 59.117867752601676 7.5000000000000009 2.1114253166494881 1.7839075067496075 76.607967250679494 73.721062117992318 1.5000000000000002 4.2848541170436816 1.4991397429221325 6.539659030403203 71.383669351278527
decision_type=2 2 2 2 2 2 2 2 2 2 2 2 2 2 2 2 2 2 2 2 2 2 2
left_child=1 6 4 7 14 21 9 13 15 16 18 -5 -10 -3 17 -8 -1 -2 -6 -16 -13 -4 -12
right_child=2 3 5 11 10 -7 8 -9 12 -11 22 20 -14 -15 19 -17 -18 -19 -20 -21 -22 -23 -24
leaf_value=-0.00090666855458655811 0.00085437741007327159 -0.00031890457855620154 0.0010328187042614445 -0.00033423761805841839 0.00040979846609228001 0.0023331686228128343 -0.0010253613161226634 0.00040295007886985938 -0.00082386141732885415 -0.000208555250428617 0.00087682038084104918 -5.0890079899025813e-05 -0.00033145720593807265 0.00032645125798881055 8.5721958915298079e-05 -0.0005126453911943826 -0.000548029249157047 0.00028874291179818099 0.00077538527572947448 0.00039589898340636865 0.00035588814482655402 0.001478660776778016 0.0012350358338565303
leaf_weight=236 51 279 40 26 65 29 56 45 44 36 56 35 508 25 103 60 63 32 140 114 261 43 53
leaf_count=236 51 279 40 26 65 29 56 45 44 36 56 35 508 25 103 60 63 32 140 114 261 43 53
internal_value=-8.82835e-14 -0.000316058 0.000728763 2.94115e-05 0.000580659 0.00154069 -0.000547175 -0.0001796 -0.000438337 -0.000764202 0.000795381 0.000255949 -0.000370707 -0.000265833 0.000355916 -0.000760163 -0.000831102 0.000636301 0.000659468 0.000248672 0.000307789 0.0012638 0.001051
internal_weight=2400 1674 726 671 614 112 1003 349 668 335 314 322 552 304 300 116 299 83 205 217 296 83 109
internal_count=2400 1674 726 671 614 112 1003 349 668 335 314 322 552 304 300 116 299 83 205 217 296 83 109
is_linear=0
shrinkage=0.06


Tree=50
num_leaves=24
num_cat=0
split_feature=11 4 5 11 14 5 5 1 3 2 15 4 0 1 1 4 0 0 1 2 5 0 3
split_gain=0.135983 0.0270339 0.0246539 0.00939053 0.00907156 0.00872151 0.00498843 0.00474639 0.00390927 0.00363816 0.00350917 0.00297454 0.0027448 0.00255169 0.00250093 0.0023613 0.0022325 0.00216543 0.00179271 0.00172163 0.00143731 0.0012197 0.000669527
threshold=1.0000000180025095e-35 2.117127822926316 3.5000000000000004 1.5000000000000002 1.0000000180025095e-35 9.5000000000000018 2.5000000000000004 43.259200739489188 2.2725219816530018 1.8624538447360728 2.5000000000000004 1.6026112900548017 369.16585622619226 63.248487374440096 37.269582544952407 1.1625829215794179 334.10785082562592 324.12713707700038 19.335989707083097 5.2341199069956126 1.0000000180025095e-35 384.33889662638779 1.8043426856543174
decision_type=2 2 2 2 2 2 2 2 2 2 2 2 2 2 2 2 2 2 2 2 2 2 2
left_child=2 5 7 12 9 6 -2 11 -8 14 -5 18 -3 -11 -4 -9 17 -6 -1 -18 -17 22 -7
right_child=1 3 4 10 16 21 8 15 -10 13 -12 -13 -14 -15 -16 20 19 -19 -20 -21 -22 -23 -24
leaf_value=-0.0012222103172913194 -0.00053484811184462166 0.00064604615936848092 -0.0011339878665748981 0.0013874069348509821 0.00017496014745164022 0.00047276104955623545 0.00048419544062146865 -0.00095098411738872525 0.00015153516683457199 -0.00023740852524728248 0.0023554271871510605 -0.00016889123318440002 0.0011433314146812666 0.00024522153567522759 -0.00037603079873536313 -0.00068363710834931288 0.00075098347814323799 -0.00038697665558770649 -0.00069963031718032196 0.00014054076541375753 -0.00029302781962486246 0.001131754702938771 0.00082742972073901911
leaf_weight=25 25 67 25 28 166 27 280 25 233 319 26 37 99 45 42 39 39 29 432 29 260 37 66
leaf_count=25 25 67 25 28 166 27 280 25 233 319 26 37 99 45 42 39 39 29 432 29 260 37 66
internal_value=-1.27345e-12 0.000589329 -0.000346114 0.0011662 -8.30782e-05 0.000399343 0.000292772 -0.000569277 0.000333104 -0.000252532 0.00185349 -0.000686325 0.00094262 -0.000177743 -0.000658851 -0.000390814 0.00019462 9.13901e-05 -0.000728218 0.000490648 -0.000343977 0.000840383 0.000724461
internal_weight=2400 888 1512 220 694 668 538 818 513 431 54 494 166 364 67 324 263 195 457 68 299 130 93
internal_count=2400 888 1512 220 694 668 538 818 513 431 54 494 166 364 67 324 263 195 457 68 299 130 93
is_linear=0
shrinkage=0.06


Tree=51
num_leaves=24
num_cat=0
split_feature=10 0 8 5 5 1 1 5 10 2 3 0 0 1 16 17 2 5 6 0 2 2 12
split_gain=0.121347 0.0342396 0.0118334 0.0104097 0.00858897 0.00481397 0.00418235 0.00367045 0.00360621 0.00341167 0.0033362 0.00312977 0.00278959 0.00276882 0.0025536 0.00227262 0.00167236 0.00159346 0.00158687 0.0011762 0.00117619 0.00117526 0.00114261
threshold=1.0000000180025095e-35 359.17609902846363 2.5000000000000004 4.5000000000000009 6.5000000000000009 50.090822031964251 57.793991478664999 2.5000000000000004 1.5000000000000002 3.4147236920879771 2.2048339533655703 203.78879178846384 260.72719908979582 24.779800982142252 70.214435656445289 9.1436146415641115 3.440210901438479 1.5000000000000002 1.0000000180025095e-35 314.29656098069887 1.3481063873190322 7.0308591558318163 1.0000000180025095e-35
decision_type=2 2 2 2 2 2 2 2 2 2 2 2 2 2 2 2 2 2 2 2 2 2 2
left_child=3 4 8 5 7 11 19 -2 10 -9 -3 20 -5 -13 16 -8 -14 -7 -16 -6 -1 -10 -19
right_child=1 2 -4 12 6 17 15 9 21 -11 -12 13 14 -15 18 -17 -18 22 -20 -21 -22 -23 -24
leaf_value=-0.0012113757269895252 -0.00050019042872008869 0.00078548809636712954 0.0021730597440619021 -0.00042145018742303361 0.00023217647512883559 -0.00058467412540966722 0.00036864559526064423 -0.00020393325950023537 0.00088913701621640942 0.00019755295996774772 0.00019264726071428 -0.00088317401322695471 0.00060241475635848475 -0.00049880431135824869 -0.00044075172731375438 0.00070240337179381068 6.0415022859447886e-05 -0.00024249506443899509 5.0578873059429174e-06 -0.00022934209555387495 -0.00073407864517520925 0.0012284099895045716 0.00015764046343974767
leaf_weight=34 42 153 25 72 50 39 151 104 80 285 44 76 32 601 47 143 57 116 74 33 41 68 33
leaf_count=34 42 153 25 72 50 39 151 104 80 285 44 76 32 601 47 143 57 116 74 33 41 68 33
internal_value=-9.73046e-14 0.000434534 0.000912555 -0.000418888 0.000215638 -0.000514804 0.0004248 3.26811e-05 0.000821214 9.02147e-05 0.000653077 -0.000582695 -9.9165e-05 -0.000541954 1.13328e-05 0.000530984 0.000255291 -0.000243242 -0.000168108 4.86811e-05 -0.000950453 0.00104502 -0.000153874
internal_weight=2400 1178 370 1222 808 940 377 431 345 389 197 752 282 677 210 294 89 188 121 83 75 148 149
internal_count=2400 1178 370 1222 808 940 377 431 345 389 197 752 282 677 210 294 89 188 121 83 75 148 149
is_linear=0
shrinkage=0.06


Tree=52
num_leaves=24
num_cat=0
split_feature=13 5 5 0 1 0 11 5 1 9 5 17 1 10 2 16 16 2 2 2 16 1 2
split_gain=0.109366 0.0259034 0.0173637 0.00672543 0.00655205 0.00581775 0.00455741 0.00308458 0.00329847 0.00300257 0.00248209 0.00234566 0.00229942 0.00215123 0.0018105 0.00155887 0.00174957 0.00154147 0.00147255 0.0013679 0.00136357 0.00125337 0.00120879
threshold=1.0000000180025095e-35 4.5000000000000009 11.500000000000002 352.74219137964093 50.090822031964251 272.25087038134353 1.5000000000000002 1.0000000180025095e-35 23.744554101113625 1.0000000180025095e-35 2.5000000000000004 4.5109835968597958 55.908128045593983 1.5000000000000002 1.3481063873190322 66.493663216927857 62.362757950970561 4.0144053260888848 3.4147236920879771 3.5194719541257364 70.082989898996615 88.620667467659118 4.5200130481283081
decision_type=2 2 2 2 2 2 2 2 2 2 2 2 2 2 2 2 2 2 2 2 2 2 2
left_child=1 4 3 11 7 15 -4 14 -9 -7 18 22 -11 21 -1 16 -3 -12 -6 -13 -17 -5 -2
right_child=2 5 6 13 10 9 -8 8 -10 12 17 19 -14 -15 -16 20 -18 -19 -20 -21 -22 -23 -24
leaf_value=-0.0010229838057104392 -5.1912635742033372e-05 -0.00038284697618078567 0.001005596425128585 0.00051938810313610401 -0.00024436739003713415 -0.00029054727694863096 0.0017961757473780641 -0.00096599236882122393 -0.00042718587247007097 4.7193013083682772e-06 -0.00019888384982186835 0.00015764930794830433 0.00030651128276129737 0.00094389835381264214 -0.00061579757651550793 -0.00078633585874922569 0.00028208425900499735 0.00015540420496836305 -0.00074977990676416083 0.00053726119776233551 -0.0002706855348151293 0.00097202262438188952 0.0002897823652581012
leaf_weight=58 67 29 70 144 49 49 42 44 581 136 120 44 274 96 122 30 28 70 36 153 48 26 84
leaf_count=58 67 29 70 144 49 49 42 44 581 136 120 44 274 96 122 30 28 70 36 153 48 26 84
internal_value=3.76076e-13 -0.000266733 0.000615029 0.000489707 -0.000441771 5.15184e-05 0.00130206 -0.000528148 -0.000465118 0.000153353 -0.000188923 0.000316095 0.000206405 0.000716837 -0.000747002 -0.00029472 -5.62141e-05 -6.83567e-05 -0.000458424 0.000452475 -0.000469013 0.000588615 0.000138169
internal_weight=2400 1674 726 614 1080 594 112 805 625 459 275 348 410 266 180 135 57 190 85 197 78 170 151
internal_count=2400 1674 726 614 1080 594 112 805 625 459 275 348 410 266 180 135 57 190 85 197 78 170 151
is_linear=0
shrinkage=0.06


Tree=53
num_leaves=24
num_cat=0
split_feature=10 1 4 1 1 5 5 0 2 12 4 2 1 0 16 2 16 2 16 0 17 16 2
split_gain=0.0956347 0.027236 0.00873303 0.00734123 0.00683658 0.00556463 0.00450341 0.0043399 0.00386428 0.00281918 0.00266216 0.00262547 0.00200514 0.00179447 0.00170964 0.00165961 0.00158581 0.00157469 0.00148382 0.0014485 0.00144223 0.00115597 0.000846801
threshold=1.0000000180025095e-35 79.494537093980256 1.6141854929368511 57.793991478664999 100.45517015805736 1.5000000000000002 6.5000000000000009 294.16392001478448 4.205343586214247 1.5000000000000002 1.9717748717392871 4.5992428692153497 24.509139806904198 313.00980662020027 79.889692577842965 6.2671724089061218 74.363632668371679 3.9770996502514864 62.238494303135163 316.35234931526037 4.5109835968597958 65.558973180428026 7.0308591558318163
decision_type=2 2 2 2 2 2 2 2 2 2 2 2 2 2 2 2 2 2 2 2 2 2 2
left_child=2 3 5 16 10 14 8 12 -5 -8 15 18 -7 -9 20 -3 19 -18 -4 -2 -1 -20 -12
right_child=1 4 11 6 -6 7 9 13 -10 -11 22 -13 -14 -15 -16 -17 17 -19 21 -21 -22 -23 -24
leaf_value=-0.0008584555507449125 0.00012942520453803258 0.0006604031964434398 0.00022506684164649672 -0.00014664836933441235 0.0015602408479899166 -0.00084680842592009661 0.0004281707626271586 0.00015347267004759294 0.00034460150723095032 0.0010563297742711645 0.00079512593548554964 0.00041607585194287819 -0.00038960990578796472 -0.00030660311246345588 -0.00025830593280261381 8.033363050624478e-05 -2.1296125654574809e-05 -0.00060625438927672801 -0.00058156452099792657 -0.00023326273302218931 -0.0005867216538122036 -0.0001303263208280571 0.001073602324409876
leaf_weight=118 178 56 35 99 45 37 316 76 138 28 114 40 518 51 36 26 37 30 25 51 174 112 60
leaf_count=118 178 56 35 99 45 37 316 76 138 28 114 40 518 51 36 26 37 30 25 51 174 112 60
internal_value=-8.58563e-13 0.000385759 -0.000371869 0.000216741 0.000878215 -0.000445355 0.000340647 -0.000347687 0.000139396 0.0004793 0.000758327 -2.17702e-05 -0.00042009 -3.12822e-05 -0.000648434 0.000476479 -2.64672e-05 -0.000283218 -0.000123595 4.86519e-05 -0.000696532 -0.000212669 0.000891152
internal_weight=2400 1178 1222 877 301 1010 581 682 237 344 256 212 555 127 328 82 296 67 172 229 292 137 174
internal_count=2400 1178 1222 877 301 1010 581 682 237 344 256 212 555 127 328 82 296 67 172 229 292 137 174
is_linear=0
shrinkage=0.06


Tree=54
num_leaves=24
num_cat=0
split_feature=11 12 5 0 8 0 0 1 5 3 17 1 2 16 0 2 8 15 17 3 2 16 16
split_gain=0.0863017 0.0177102 0.0152439 0.00654934 0.00606505 0.00489323 0.00331637 0.00294928 0.00258085 0.00256484 0.00228322 0.00210214 0.00191491 0.00185518 0.00166829 0.00166123 0.00163025 0.00160836 0.00154484 0.00145464 0.00143647 0.00106431 0.00127163
threshold=1.0000000180025095e-35 1.5000000000000002 3.5000000000000004 346.10026999613137 1.0000000180025095e-35 439.19922135157657 209.20356936610571 45.294886339004087 5.5000000000000009 2.2004841543004807 4.4192853990379897 45.814920255876402 1.8624538447360728 73.658474105756127 261.6457159727712 1.4583016083070512 1.0000000180025095e-35 1.0000000180025095e-35 14.079532153361844 2.4893655677018285 5.3518811489622653 64.673941794979669 71.803515730303701
decision_type=2 2 2 2 2 2 2 2 2 2 2 2 2 2 2 2 2 2 2 2 2 2 2
left_child=2 3 6 8 12 21 -1 18 16 10 -5 -6 15 -13 -9 -4 -2 -10 -8 -14 -11 -3 -23
right_child=1 5 4 9 11 -7 7 14 17 20 -12 13 19 -15 -16 -17 -18 -19 -20 -21 -22 22 -24
leaf_value=-0.00078852391324553829 -0.00027037688931967645 0.0011888479463024329 -0.00029044756685228396 0.00043919858734524397 -0.00029228069922388638 0.0018245637435000388 -0.00045743042893694053 -1.8694149901687235e-05 -0.00015411768076010047 -4.5596101314432038e-05 0.00080812152796960258 0.00026676626660862243 3.0032893257157413e-05 -3.270657395943021e-05 -0.00034948390205751922 -0.00091984302853234104 0.00014019646774947748 0.00035138118337197147 -0.00080389322894916396 -0.00027472276386106384 0.00049464678297423434 0.00053376644227778576 0.00098510187669043352
leaf_weight=93 54 35 36 108 43 25 425 82 25 34 137 199 80 119 166 26 98 242 52 191 37 38 55
leaf_count=93 54 35 36 108 43 25 425 82 25 34 137 199 80 119 166 26 98 242 52 191 37 38 55
internal_value=4.7055e-13 0.000469488 -0.000275731 0.000347235 -6.88979e-05 0.00105678 -0.000451211 -0.000407942 0.000191695 0.000553474 0.000645494 0.000101458 -0.000253578 0.000154699 -0.00024011 -0.000554388 -5.66512e-06 0.00030405 -0.0004952 -0.000184758 0.000235939 0.000906823 0.000800685
internal_weight=2400 888 1512 735 694 153 818 725 419 316 245 361 333 318 248 62 152 267 477 271 71 128 93
internal_count=2400 888 1512 735 694 153 818 725 419 316 245 361 333 318 248 62 152 267 477 271 71 128 93
is_linear=0
shrinkage=0.06


Tree=55
num_leaves=24
num_cat=0
split_feature=11 4 5 11 14 5 4 5 17 0 5 1 1 4 0 4 4 16 16 16 5 0 16
split_gain=0.0762561 0.0157584 0.0134695 0.00600385 0.00546383 0.00497762 0.00318637 0.00310944 0.00329148 0.002952 0.00250846 0.00230043 0.00212374 0.00163946 0.00161669 0.00155328 0.00235596 0.00169941 0.00117009 0.00210391 0.00112495 0.00107955 0.0008069
threshold=1.0000000180025095e-35 2.117127822926316 3.5000000000000004 1.5000000000000002 1.0000000180025095e-35 9.5000000000000018 1.1276440059101491 2.5000000000000004 1.8183894286987572 210.52574437702907 12.500000000000002 63.248487374440096 43.259200739489188 1.42379237555407 369.16585622619226 1.5086210784787866 1.4638803286556581 73.658474105756127 64.147829424554971 71.383669351278527 1.0000000180025095e-35 217.77431755558544 66.996935787593358
decision_type=2 2 2 2 2 2 2 2 2 2 2 2 2 2 2 2 2 2 2 2 2 2 2
left_child=2 5 6 14 11 7 21 -2 -9 20 -5 13 -11 -4 22 16 -6 -17 -7 -20 -8 -1 -3
right_child=1 3 4 10 15 18 9 8 -10 12 -12 -13 -14 -15 -16 17 -18 -19 19 -21 -22 -23 -24
leaf_value=-0.00048058175113900294 -0.00043766054240986706 0.00068672107535266232 -0.00041172203903603498 0.0010372430561151954 0.00018855695756715967 0.00094446943853881743 -0.0010138546211284495 -3.6730945943609666e-05 0.00032883570822856486 -0.00043813983420200125 0.001855681434703561 0.00020474829094145323 -0.00021955267209804866 -0.00015268417707145078 0.00085701779776365685 0.00036519073910541889 -0.00056141286324709648 1.9022230555666992e-06 0.00016963982811855227 0.00074311169593396483 -0.00054196469940176364 -0.00089738302381574015 0.0002702335972828544
leaf_weight=35 25 33 136 28 38 32 31 114 399 354 26 46 292 249 99 127 25 73 37 61 44 62 34
leaf_count=35 25 33 136 28 38 32 31 114 399 354 26 46 292 249 99 127 25 73 37 61 44 62 34
internal_value=2.25646e-13 0.000441319 -0.000259187 0.00088175 -6.4764e-05 0.000296267 -0.000424138 0.000215756 0.000247599 -0.000380703 0.00143131 -0.000196274 -0.000339336 -0.000244188 0.000702979 0.000150753 -0.00010905 0.00023259 0.000629458 0.000526597 -0.000737013 -0.000746991 0.000475369
internal_weight=2400 888 1512 220 694 668 818 538 513 721 54 431 646 385 166 263 63 200 130 98 75 97 67
internal_count=2400 888 1512 220 694 668 818 538 513 721 54 431 646 385 166 263 63 200 130 98 75 97 67
is_linear=0
shrinkage=0.06


Tree=56
num_leaves=24
num_cat=0
split_feature=13 4 13 4 0 5 5 17 9 0 17 4 1 17 1 1 1 1 14 17 5 0 0
split_gain=0.0700695 0.0166339 0.0121271 0.00593442 0.00588462 0.00393339 0.00383948 0.00365956 0.00309261 0.00257235 0.00238863 0.00206974 0.00204714 0.00202864 0.00193674 0.00184104 0.00173525 0.0015997 0.001574 0.00145208 0.00141812 0.00113661 0.001004
threshold=1.0000000180025095e-35 1.5086210784787866 1.5000000000000002 2.117127822926316 272.25087038134353 1.5000000000000002 3.5000000000000004 4.5109835968597958 1.0000000180025095e-35 290.89325628318767 11.289714017179589 1.4638803286556581 83.448735926751752 4.5109835968597958 44.734564480626055 44.517874255347472 24.509139806904198 41.361891896429931 1.0000000180025095e-35 13.000562536930287 11.500000000000002 256.3796157594208 361.68576434997146
decision_type=2 2 2 2 2 2 2 2 2 2 2 2 2 2 2 2 2 2 2 2 2 2 2
left_child=1 5 3 7 10 13 14 12 -8 16 17 -11 -2 21 -6 -12 -7 -3 -9 -15 22 -1 -5
right_child=2 4 -4 20 6 9 8 18 -10 11 15 -13 -14 19 -16 -17 -18 -19 -20 -21 -22 -23 -24
leaf_value=-0.00088090436184548788 5.5412575719967939e-05 7.8417274109538525e-05 0.0017166510979378861 0.00039112457098994165 -0.0006441071928046377 -0.00076935455352733181 -0.00033770475993291112 0.00016231393755879251 0.00022172488342595088 9.5747126720249233e-05 -0.00095739143967096298 -0.00046689471910212884 0.00055321985969688592 -0.00030355133427920837 -7.6976252867098086e-05 -0.00029591843528165056 -0.00033061816271379743 -0.00032545913281288314 0.00053096509751130035 -0.00065312427868151899 0.00095392370226115664 -0.00047722221012615288 0.00074303739081294114
leaf_weight=83 171 62 28 47 28 35 39 50 405 89 28 32 36 110 96 33 446 82 251 70 66 36 77
leaf_count=83 171 62 28 47 28 35 39 50 405 89 28 32 36 110 96 33 446 82 251 70 66 36 77
internal_value=5.14149e-14 -0.000213501 0.000492288 0.000443173 -9.30747e-06 -0.000388687 9.01468e-05 0.00033618 0.000172586 -0.000300336 -0.000284869 -5.30507e-05 0.000141988 -0.00056657 -0.000205038 -0.000599545 -0.000362543 -0.000151568 0.000469727 -0.000439496 0.000729241 -0.000758782 0.000609651
internal_weight=2400 1674 726 698 773 901 568 508 444 602 205 121 207 299 124 61 481 144 301 180 190 119 124
internal_count=2400 1674 726 698 773 901 568 508 444 602 205 121 207 299 124 61 481 144 301 180 190 119 124
is_linear=0
shrinkage=0.06


Tree=57
num_leaves=24
num_cat=0
split_feature=11 12 4 4 2 0 0 1 0 16 12 15 0 2 4 16 4 1 2 4 2 2 16
split_gain=0.0600812 0.0128286 0.0103919 0.00529272 0.00387714 0.00375485 0.00336756 0.00247156 0.00301211 0.00214681 0.00211218 0.00201758 0.00196721 0.00175353 0.0023898 0.00174316 0.00156687 0.00146921 0.00129528 0.00127403 0.00122217 0.00112239 0.00101313
threshold=1.0000000180025095e-35 1.5000000000000002 1.4970014969532703 1.9907862439953314 4.5200130481283081 439.19922135157657 290.89325628318767 24.779800982142252 203.78879178846384 68.566995345565473 1.0000000180025095e-35 1.0000000180025095e-35 359.17609902846363 5.1799265650407245 1.6364114238160454 75.131725527119002 1.4638803286556581 65.63742803056077 6.1811713216530704 1.7379254437255431 6.1811713216530704 4.8244913787953454 74.785895833628601
decision_type=2 2 2 2 2 2 2 2 2 2 2 2 2 2 2 2 2 2 2 2 2 2 2
left_child=2 3 6 11 10 -3 7 9 -9 -1 17 -2 21 14 -6 -14 22 -4 -13 -12 -15 -5 -8
right_child=1 5 4 12 13 -7 16 8 -10 -11 19 18 15 20 -16 -17 -18 -19 -20 -21 -22 -23 -24
leaf_value=-0.00046828202865771551 -0.00013953675105724306 0.00076020855254682823 -0.00024208795770762809 4.8042760309352374e-05 -3.3490208960655656e-05 0.0015641388600692154 0.00025569089531335371 -0.0007963903728523291 -0.00033590613082561208 -0.0010710307620077704 0.0002122957559576451 0.00026008607662291838 0.00052991102582068542 -0.00010229210203038273 0.00067761361416753224 0.0010044517885558534 -0.0004929101949557661 0.00023434231801657007 -6.720579813747685e-05 -0.00022011193864662865 0.00035260476137045774 0.00046726882793861899 -0.00014150605355389416
leaf_weight=52 63 128 343 34 27 25 43 56 589 36 82 390 87 73 46 41 25 25 49 35 30 71 50
leaf_count=52 63 128 343 34 27 25 43 56 589 36 82 390 87 73 46 41 25 25 49 35 30 71 50
internal_value=-5.91535e-13 0.000391728 -0.000230062 0.000287679 -5.15832e-05 0.00089157 -0.000368693 -0.000416582 -0.000375886 -0.000714861 -0.00013912 0.000177987 0.00052401 0.000189641 0.000414603 0.000681912 -7.12148e-05 -0.000209722 0.000223555 8.2943e-05 3.02021e-05 0.000331519 4.21441e-05
internal_weight=2400 888 1512 735 661 153 851 733 645 88 485 502 233 176 73 128 118 368 439 117 103 105 93
internal_count=2400 888 1512 735 661 153 851 733 645 88 485 502 233 176 73 128 118 368 439 117 103 105 93
is_linear=0
shrinkage=0.06


Tree=58
num_leaves=21
num_cat=0
split_feature=13 5 13 5 4 4 16 1 16 17 4 4 17 4 16 4 2 5 1 4
split_gain=0.0557246 0.0129915 0.0100188 0.00457495 0.00430091 0.00424921 0.00263833 0.00255565 0.00240955 0.00223545 0.00213872 0.00206131 0.00166163 0.00149521 0.0014786 0.00132682 0.00115583 0.000929382 0.00197779 0.000844458
threshold=1.0000000180025095e-35 4.5000000000000009 1.5000000000000002 11.500000000000002 1.6026112900548017 1.8714785021107203 77.397337574411637 35.962457023350218 61.224708847911096 4.4192853990379897 1.064149003564905 2.166006919823114 15.672957180540811 1.42379237555407 74.945912566015224 1.7019168004541763 3.3472201238051889 13.500000000000002 86.727183315556161 1.9484278800256047
decision_type=2 2 2 2 2 2 2 2 2 2 2 2 2 2 2 2 2 2 2 2
left_child=1 4 3 9 6 12 10 -8 -6 11 -1 -2 13 -3 19 -11 -10 18 -5 -7
right_child=2 5 -4 17 8 14 7 -9 16 15 -12 -13 -14 -15 -16 -17 -18 -19 -20 -21
leaf_value=-0.00087708005196570108 0.00011582720362674333 -0.00027986111051793536 0.0015518738840806429 0.0010708333101097701 0.00037339470658382095 0.00048775017772641145 0.00027993909681147972 -0.00028023510020358126 -0.0003340415642244472 0.00023124905072888523 -0.00040196376048344708 0.00051225739977557258 0.00041124315583147109 -1.0883608721278213e-05 0.00077943982234081387 0.00050687528566340911 -1.4614302993074735e-05 0.0010971790496259925 0.00041263176993067775 8.0687016293373994e-05
leaf_weight=36 209 93 28 27 37 32 36 158 76 84 649 61 28 372 26 250 88 25 42 43
leaf_count=36 209 93 28 27 37 32 36 158 76 84 649 61 28 372 26 250 88 25 42 43
internal_value=-5.98527e-13 -0.000190397 0.000439014 0.000394372 -0.000314358 3.49865e-05 -0.000371614 -0.000176285 -6.39682e-05 0.000333774 -0.000426933 0.000205391 -3.7649e-05 -6.46791e-05 0.000389534 0.000437556 -0.000162642 0.00078375 0.000670189 0.000254367
internal_weight=2400 1674 726 698 1080 594 879 194 201 604 685 270 493 465 101 334 164 94 69 75
internal_count=2400 1674 726 698 1080 594 879 194 201 604 685 270 493 465 101 334 164 94 69 75
is_linear=0
shrinkage=0.06


Tree=59
num_leaves=24
num_cat=0
split_feature=13 4 13 3 4 5 17 17 5 0 17 3 1 17 0 1 17 17 17 4 0 0 5
split_gain=0.0492383 0.0116124 0.00885265 0.00464155 0.00408841 0.00313439 0.00306062 0.00283576 0.00230408 0.00219819 0.00236004 0.00226739 0.00200851 0.00180446 0.0017494 0.00165003 0.00145767 0.00135813 0.00130967 0.00105094 0.00106179 0.000950144 0.000455606
threshold=1.0000000180025095e-35 1.5086210784787866 1.5000000000000002 2.3576180503808151 2.117127822926316 1.5000000000000002 14.153731985402901 4.5109835968597958 3.5000000000000004 272.25087038134353 11.289714017179589 2.3934136832544008 30.261023878367869 4.5109835968597958 290.89325628318767 83.448735926751752 13.364399831878327 10.054056516755351 13.000562536930287 2.3199738329511508 397.07405117120226 256.3796157594208 11.500000000000002
decision_type=2 2 2 2 2 2 2 2 2 2 2 2 2 2 2 2 2 2 2 2 2 2 2
left_child=1 5 4 6 7 13 8 15 -3 10 -5 -11 17 21 -14 -2 -9 -7 -15 20 -6 -1 -21
right_child=2 3 -4 9 19 12 -8 16 -10 11 -12 -13 14 18 -16 -17 -18 -19 -20 22 -22 -23 -24
leaf_value=-0.00077707541948016058 3.3234179220591229e-05 -0.0002689331204569696 0.0014587614558087124 -0.00014550454613129204 0.00038221490856243224 -0.00072487826731958192 0.00074684753435693926 0.00049329246946581409 0.00020031904125744404 -0.00057007849953370174 -0.00061848705142943398 2.6203782286640383e-05 -0.00026073868180785323 -0.00023518445447817527 2.8487652311384208e-06 0.00048015698397648517 0.00021365993009162098 -0.00026606406252055117 -0.00056717348552774629 0.00065098813242829318 0.00074956660424250847 -0.00040798812539909098 0.00097131856048720015
leaf_weight=83 171 46 28 128 83 48 31 200 208 25 54 281 391 110 118 36 101 45 70 33 43 36 31
leaf_count=83 171 46 28 128 83 48 31 200 208 25 54 281 391 110 118 36 101 45 70 33 43 36 31
internal_value=3.39983e-13 -0.000178973 0.000412673 -8.36206e-06 0.00037071 -0.000325346 0.000184027 0.000281903 0.000115336 -0.00012072 -0.00028584 -2.25121e-05 -0.000246478 -0.000484138 -0.000199632 0.00011096 0.000399462 -0.000502871 -0.000364291 0.000608151 0.000507581 -0.000665419 0.000806148
internal_weight=2400 1674 726 773 698 901 285 508 254 488 182 306 602 299 509 207 301 93 180 190 126 119 64
internal_count=2400 1674 726 773 698 901 285 508 254 488 182 306 602 299 509 207 301 93 180 190 126 119 64
is_linear=0
shrinkage=0.06


Tree=60
num_leaves=19
num_cat=0
split_feature=13 12 8 1 1 2 3 16 17 1 16 16 3 17 16 16 16 16
split_gain=0.0435069 0.0102214 0.00895828 0.00432111 0.00318227 0.00257839 0.0043364 0.00240062 0.00217542 0.00167737 0.00156652 0.00145878 0.00190236 0.00145443 0.00115572 0.000652122 0.000881499 0.000413796
threshold=1.0000000180025095e-35 1.0000000180025095e-35 2.5000000000000004 65.63742803056077 82.815124246741547 3.08889625514926 2.9653200446227714 81.725532299359301 4.5109835968597958 45.401154322626589 73.721062117992318 73.658474105756127 2.3614720883526483 14.828616324090234 76.123754907762333 63.759292020606722 78.156774860617716 78.545965427653599
decision_type=2 2 2 2 2 2 2 2 2 2 2 2 2 2 2 2 2 2
left_child=1 3 4 5 8 7 -7 -1 10 -3 -2 12 -11 -10 -13 -6 -17 -5
right_child=2 9 -4 17 15 6 -8 -9 13 11 -12 14 -14 -15 -16 16 -18 -19
leaf_value=-0.00037568133115172529 0.00023335149583830829 -0.00026426055105175912 0.0015039645119570195 0.00011843700055784036 0.00080716949747875334 -8.9275448224045162e-05 -0.00065362574222880144 -2.4687193889314163e-05 0.00042545883516660458 0.00042559290234695413 -0.00011766875372439457 -0.00029079260850826711 7.2474190907820881e-05 3.1716505137200541e-05 9.8333935752781409e-05 0.00040074790407659979 0.00068267894363781951 0.00044652284849435088
leaf_weight=697 140 41 25 31 30 393 56 78 252 102 68 39 119 39 93 109 63 25
leaf_count=697 140 41 25 31 30 393 56 78 252 102 68 39 119 39 93 109 63 25
internal_value=3.22558e-14 -0.000168235 0.000387913 -0.000250492 0.000348111 -0.000274072 -0.000159662 -0.000340355 0.000266774 9.89959e-05 0.000118595 0.000141187 0.000235452 0.000372689 -1.66353e-05 0.000549037 0.000504013 0.000264904
internal_weight=2400 1674 726 1280 701 1224 449 775 499 394 208 353 221 291 132 202 172 56
internal_count=2400 1674 726 1280 701 1224 449 775 499 394 208 353 221 291 132 202 172 56
is_linear=0
shrinkage=0.06


Tree=61
num_leaves=24
num_cat=0
split_feature=13 4 13 0 5 9 5 16 15 0 17 4 17 17 2 4 9 0 17 17 14 5 9
split_gain=0.0384427 0.00938654 0.00750921 0.00367862 0.00338084 0.00266589 0.00264551 0.00258438 0.00222064 0.00194623 0.00187991 0.00180063 0.00321239 0.00158749 0.00193576 0.00150684 0.00143185 0.00137581 0.00119258 0.00117306 0.0010084 0.000710664 0.00185
threshold=1.0000000180025095e-35 1.5086210784787866 1.5000000000000002 272.25087038134353 11.500000000000002 1.0000000180025095e-35 1.5000000000000002 74.105933177318363 1.0000000180025095e-35 352.74219137964093 11.289714017179589 1.2118198782425329 12.841869294026397 4.5109835968597958 1.3653217092014549 1.6104863967145062 1.0000000180025095e-35 290.89325628318767 4.5109835968597958 13.000562536930287 1.5000000000000002 13.500000000000002 2.5000000000000004
decision_type=2 2 2 2 2 2 2 2 2 2 2 2 2 2 2 2 2 2 2 2 2 2 2
left_child=1 6 4 10 9 7 13 -5 -7 18 16 12 -8 14 -1 -12 -3 -13 -2 -15 -11 22 -6
right_child=2 3 -4 5 21 8 11 -9 -10 20 15 17 -14 19 -16 -17 -18 -19 -20 -21 -22 -23 -24
leaf_value=-0.00099631394598294386 5.3734087463817558e-05 4.6563769580891609e-05 0.0013280874691970113 -0.0006163183510589815 0.00086762220186314412 -0.00016050601779503133 -0.00025566346318522715 8.8160259750255033e-05 0.00018146220787324649 0.00033559704599756511 -0.00076752934097278145 -0.0002228343207300315 -0.0010199445731436405 -0.00020102452734400603 -0.00045575367456009651 -0.00016714596771635114 -0.00034153834663032151 1.6377577120303091e-05 0.0002782671053735492 -0.00051522186857515142 0.00062167292424036478 0.0009347944635897874 0.00024619775495546704
leaf_weight=33 150 88 28 37 35 82 83 38 411 200 34 381 26 110 86 27 56 112 197 70 57 25 34
leaf_count=33 150 88 28 37 35 82 83 38 411 200 34 381 26 110 86 27 56 112 197 70 57 25 34
internal_value=7.18455e-13 -0.000158141 0.000364638 -4.74992e-06 0.00032599 7.38834e-05 -0.00028974 -0.000259383 0.000124583 0.000273897 -0.000222622 -0.000217283 -0.000437969 -0.000435623 -0.000605657 -0.000501786 -0.000104365 -0.00016849 0.000181207 -0.000323212 0.000399046 0.000660717 0.000561413
internal_weight=2400 1674 726 773 698 568 901 75 493 604 205 602 109 299 119 61 144 493 347 180 257 94 69
internal_count=2400 1674 726 773 698 568 901 75 493 604 205 602 109 299 119 61 144 493 347 180 257 94 69
is_linear=0
shrinkage=0.06


Tree=62
num_leaves=22
num_cat=0
split_feature=5 4 4 0 12 15 2 2 3 12 0 16 2 3 3 1 5 14 0 17 3
split_gain=0.0342311 0.00725202 0.00717695 0.00375344 0.00286939 0.00273793 0.00271248 0.00207421 0.00206459 0.00203155 0.00190774 0.00164784 0.00164348 0.00127907 0.00122686 0.00130652 0.0012261 0.00120411 0.000957966 0.000768096 0.000506626
threshold=6.5000000000000009 1.6621750794027215 2.306383713742723 289.7405762131458 1.0000000180025095e-35 1.0000000180025095e-35 4.501709650830314 7.8711699214287867 2.1149846098151834 1.5000000000000002 192.72306660255589 68.697257531777851 2.9251671929942051 2.0151480935055255 2.4936385751556251 59.632028909073235 5.5000000000000009 1.0000000180025095e-35 289.7405762131458 11.385170415021532 1.6198472499078456
decision_type=2 2 2 2 2 2 2 2 2 2 2 2 2 2 2 2 2 2 2 2 2
left_child=1 3 5 4 10 -2 14 20 -5 12 -1 -6 -7 -11 18 -16 -10 -8 -3 -19 -4
right_child=2 6 7 8 11 9 17 -9 16 13 -12 -13 -14 -15 15 -17 -18 19 -20 -21 -22
leaf_value=-0.00071980415073630863 -0.00020432618810615208 8.0867249541164882e-05 0.00046506665647029873 -0.0005478669640321571 0.00042761749331036514 -0.00018610679416451603 1.5008186611036459e-05 0.0012950068783946335 -4.6407862432024224e-05 0.00040456863592740064 -0.00029571258161583574 -0.00015494766704664059 0.00027040336030978928 0.00088538740894624152 0.00019415813211687004 -0.00029122318750104075 0.00029772723341981567 0.00025109252157682151 -0.00031341876475590442 0.00058450978906226473 0.00080418565044445645
leaf_weight=40 43 31 29 26 29 30 45 25 217 69 842 44 529 28 86 26 45 61 78 42 35
leaf_count=40 43 31 29 26 29 30 45 25 217 69 842 44 529 28 86 26 45 61 78 42 35
internal_value=1.33597e-12 -0.00015843 0.000324098 -0.000227769 -0.000285025 0.000259485 7.51421e-05 0.000831557 -3.79074e-05 0.000289888 -0.000314946 7.64823e-05 0.000245904 0.000543362 -5.79818e-05 8.14803e-05 1.26993e-05 0.000273929 -0.000201282 0.000387049 0.000650522
internal_weight=2400 1612 788 1243 955 699 369 89 288 656 882 73 559 97 221 112 262 148 109 103 64
internal_count=2400 1612 788 1243 955 699 369 89 288 656 882 73 559 97 221 112 262 148 109 103 64
is_linear=0
shrinkage=0.06


Tree=63
num_leaves=24
num_cat=0
split_feature=11 8 5 4 5 14 2 2 4 5 0 2 2 0 4 5 0 2 2 4 17 2 0
split_gain=0.0304735 0.00775536 0.00561324 0.00410907 0.00265162 0.00254606 0.0019798 0.00200632 0.0019466 0.00166819 0.0016522 0.00158211 0.00143441 0.00127337 0.00117277 0.00112216 0.00102602 0.00141137 0.00100646 0.000878354 0.000876455 0.000780347 0.000780301
threshold=1.0000000180025095e-35 2.5000000000000004 3.5000000000000004 1.9907862439953314 9.5000000000000018 1.0000000180025095e-35 5.4255151992802721 4.5200130481283081 1.1276440059101491 2.5000000000000004 210.52574437702907 1.8624538447360728 6.1406816305081078 359.17609902846363 1.8395130282065772 9.5000000000000018 217.77431755558544 2.1869014240036502 1.6417223725448615 1.2900351209698209 15.146744401083968 4.8244913787953454 307.95354261471448
decision_type=2 2 2 2 2 2 2 2 2 2 2 2 2 2 2 2 2 2 2 2 2 2 2
left_child=2 3 8 4 9 11 7 -7 16 -2 19 18 -8 21 -6 -15 -1 -18 -4 -10 -12 -5 -13
right_child=1 -3 5 13 14 6 12 -9 10 -11 20 22 -14 15 -16 -17 17 -19 -20 -21 -22 -23 -24
leaf_value=-0.00026295600583710305 -0.00038580620270222424 0.0013207744700834154 -0.00021086768802289465 2.4063724722509506e-05 0.00019228590093553065 6.4539514248783639e-05 -0.00054924005228094747 0.00046242300945520051 -0.00032093818778646107 0.00011836130967919395 -0.00018541160697355761 -3.8599744092973192e-05 7.6042392756789915e-05 0.00068850890151225027 0.0006810773699865866 0.00040017354584921596 -0.00091257414542875875 -0.00033243869386541728 -0.00068807687601432784 -0.00073459004168398669 -0.00044937704611398583 0.00035678042674864923 -0.00027080902596935628
leaf_weight=35 25 25 41 36 30 143 25 67 42 430 597 301 28 75 43 138 36 26 26 33 49 86 63
leaf_count=35 25 25 41 36 30 143 25 67 42 430 597 301 28 75 43 138 36 26 26 33 49 86 63
internal_value=-6.59452e-13 0.000278982 -0.000163847 0.000248803 0.000144517 -3.83363e-05 0.000108782 0.000191483 -0.000270331 9.06598e-05 -0.000236382 -0.000128109 -0.000218902 0.000413169 0.000480204 0.0005017 -0.000522676 -0.000669292 -0.000396053 -0.000502945 -0.000205434 0.000258602 -7.87898e-05
internal_weight=2400 888 1512 863 528 694 263 210 818 455 721 431 53 335 73 213 97 62 67 75 646 122 364
internal_count=2400 888 1512 863 528 694 263 210 818 455 721 431 53 335 73 213 97 62 67 75 646 122 364
is_linear=0
shrinkage=0.06


Tree=64
num_leaves=21
num_cat=0
split_feature=13 5 8 4 4 0 4 8 0 16 17 16 0 0 1 5 14 16 1 0
split_gain=0.0274235 0.00676424 0.00626806 0.00270485 0.00237493 0.00228357 0.00220502 0.0023045 0.00216379 0.00204945 0.00144294 0.00107996 0.00106575 0.00101007 0.0017871 0.00168362 0.00086355 0.00124223 0.00117818 0.000390988
threshold=1.0000000180025095e-35 4.5000000000000009 2.5000000000000004 1.8714785021107203 1.6026112900548017 352.74219137964093 1.5710903118105921 1.0000000180025095e-35 316.35234931526037 61.720794401990794 15.672957180540811 70.082989898996615 240.32519238635777 305.17158522116995 58.12975498543917 5.5000000000000009 1.5000000000000002 73.865170120468576 83.448735926751752 347.04651331541226
decision_type=2 2 2 2 2 2 2 2 2 2 2 2 2 2 2 2 2 2 2 2
left_child=1 4 5 10 6 13 7 -1 -5 -6 12 -11 -3 15 -15 -2 17 -7 -18 -10
right_child=2 3 -4 8 9 16 -8 -9 19 11 -12 -13 -14 14 -16 -17 18 -19 -20 -21
leaf_value=-0.0002812225067588858 5.8388053051506477e-05 -0.00035856815999929829 0.0012415280207991599 -0.00010537995453154096 0.00035352901680968125 0.00044007289812777848 -0.00071262373880747539 2.9709715721408653e-05 0.00034222373996271925 -0.00033029302450843522 0.00038942348852287977 -1.0561004406680342e-05 -2.6978926970124508e-05 -0.00026826423527941535 0.00017257652994686235 0.00055325162576363334 0.00088029544728879738 0.00016436209305538795 0.00041238361671802474 0.00062687630062052777
leaf_weight=744 45 38 25 31 39 139 38 97 32 61 28 101 427 39 219 55 26 102 76 38
leaf_count=744 45 38 25 31 39 139 38 97 32 61 28 101 427 39 219 55 26 102 76 38
internal_value=-1.09594e-12 -0.000133567 0.000307976 2.90639e-05 -0.000223013 0.000274682 -0.00026556 -0.00024536 0.000311937 -3.69498e-05 -2.88879e-05 -0.000130954 -5.40765e-05 0.000168682 0.000105938 0.000330563 0.000385318 0.000323382 0.000531655 0.000496749
internal_weight=2400 1674 726 594 1080 701 879 841 101 201 493 162 465 358 258 100 343 241 102 70
internal_count=2400 1674 726 594 1080 701 879 841 101 201 493 162 465 358 258 100 343 241 102 70
is_linear=0
shrinkage=0.06


Tree=65
num_leaves=21
num_cat=0
split_feature=10 12 13 4 0 0 17 17 4 2 16 4 2 4 4 2 3 16 16 16
split_gain=0.0243865 0.00748301 0.00333847 0.00254774 0.00209991 0.00190854 0.00185909 0.00175632 0.00157585 0.00140295 0.00139651 0.00183074 0.00151621 0.00127162 0.00194742 0.0012892 0.00119201 0.00118257 0.000955998 0.000383398
threshold=1.0000000180025095e-35 1.5000000000000002 1.0000000180025095e-35 1.6141854929368511 439.19922135157657 192.72306660255589 4.4192853990379897 15.468471055215884 2.166006919823114 4.5992428692153497 75.934985505800725 1.064149003564905 3.7119687080309807 1.862013250592462 1.9090022846131012 5.4445542853908657 2.0151480935055255 62.238494303135163 65.558973180428026 71.803515730303701
decision_type=2 2 2 2 2 2 2 2 2 2 2 2 2 2 2 2 2 2 2 2
left_child=3 2 13 5 16 -1 8 -8 -4 17 11 -7 -12 15 -15 -2 19 -5 -19 -3
right_child=1 4 6 9 -6 10 7 -9 -10 -11 12 -13 -14 14 -16 -17 -18 18 -20 -21
leaf_value=-0.00063363518370897513 2.2952140977585532e-05 0.00026718887507312878 2.5995150482917218e-05 0.00023814238548012715 0.0010868975623743609 -0.00072318407112796764 0.00039855676913291626 -0.00010234465355032235 0.00038561878551263362 0.00032137930968019647 -2.9463355833881782e-05 -0.00023611618406197432 -0.00038334619111588431 0.00059430592206560751 4.3403457906157644e-05 -0.00028061826666027812 0.00079794230436990878 -0.00048811264252290122 -7.7756533449766191e-05 0.00050607879694839733
leaf_weight=40 344 51 171 35 25 29 252 28 59 40 226 661 54 33 77 59 33 25 112 46
leaf_count=40 344 51 171 35 25 29 252 28 59 40 226 661 54 33 77 59 33 25 112 46
internal_value=-1.26283e-13 0.000194797 0.000135934 -0.000187783 0.000583295 -0.000227475 0.000244642 0.000348467 0.000118246 1.31419e-06 -0.000210726 -0.000256587 -9.77122e-05 2.7862e-05 0.000208674 -2.14912e-05 0.000486449 -7.31196e-05 -0.000152639 0.000380477
internal_weight=2400 1178 1023 1222 155 1010 510 280 230 212 970 690 280 513 110 403 130 172 137 97
internal_count=2400 1178 1023 1222 155 1010 510 280 230 212 970 690 280 513 110 403 130 172 137 97
is_linear=0
shrinkage=0.06


Tree=66
num_leaves=22
num_cat=0
split_feature=11 8 5 4 5 14 4 5 5 1 16 16 0 0 4 0 3 16 16 4 1
split_gain=0.0216695 0.00565866 0.00406225 0.00287155 0.0020307 0.00189372 0.00153764 0.00141865 0.00136329 0.00119787 0.00130769 0.00118527 0.0011755 0.00102971 0.000956285 0.000932887 0.000896832 0.000856872 0.00170138 0.00140307 0.000676371
threshold=1.0000000180025095e-35 2.5000000000000004 3.5000000000000004 1.9907862439953314 9.5000000000000018 1.0000000180025095e-35 1.1276440059101491 1.0000000180025095e-35 2.5000000000000004 63.248487374440096 79.175703243586639 82.291347672917254 207.08668048363273 325.33365633241152 1.8395130282065772 217.77431755558544 2.2975436822022073 73.658474105756127 77.003134603285744 1.5086210784787866 35.613961968163657
decision_type=2 2 2 2 2 2 2 2 2 2 2 2 2 2 2 2 2 2 2 2 2
left_child=2 3 6 4 8 9 15 12 -2 10 -4 13 -8 -5 -6 -1 -9 19 -19 -7 -17
right_child=1 -3 5 11 14 17 7 16 -10 -11 -12 -13 -14 -15 -16 20 -18 18 -20 -21 -22
leaf_value=-0.00020537666743621229 -0.00035556267995852977 0.0011251463362947104 -9.6349826558783042e-05 -7.3049738156524567e-06 0.00015607312321662902 -0.00012064541451806245 -0.00072579052411198897 -0.00041072040862248589 0.00010020837420529988 0.00018056287161649062 -0.00040332173106805185 0.00068268017815973823 -0.00028467801099847054 0.00034789092985437178 0.0005974519294470028 -0.00040095038282743188 -0.00013145095788343107 -0.0004138719755452081 0.00013052636478776901 0.00027588737245115607 -0.00079750588093884282
leaf_weight=35 25 25 326 33 30 43 26 45 430 46 59 34 133 268 43 32 517 31 62 127 30
leaf_count=35 25 25 326 33 30 43 26 45 430 46 59 34 133 268 43 32 517 31 62 127 30
internal_value=-5.35556e-13 0.000235255 -0.000138166 0.000209476 0.000122298 -3.13942e-05 -0.000228752 -0.000198579 7.5166e-05 -0.000108817 -0.000143392 0.00034688 -0.00035681 0.000308949 0.000416063 -0.000453029 -0.000153812 9.5485e-05 -5.09397e-05 0.000175588 -0.000592832
internal_weight=2400 888 1512 863 528 694 818 721 455 431 385 335 159 301 73 97 562 263 93 170 62
internal_count=2400 888 1512 863 528 694 818 721 455 431 385 335 159 301 73 97 562 263 93 170 62
is_linear=0
shrinkage=0.06


Tree=67
num_leaves=20
num_cat=0
split_feature=13 13 12 4 0 17 5 4 2 1 17 0 1 16 3 2 0 1 1
split_gain=0.019246 0.00528967 0.00493759 0.00284083 0.00224028 0.00262246 0.00180363 0.00169185 0.00140576 0.00137905 0.00137806 0.00127864 0.00110953 0.00116787 0.0013352 0.0010464 0.00102893 0.000989747 0.000825152
threshold=1.0000000180025095e-35 1.5000000000000002 1.0000000180025095e-35 1.7190656458564495 290.89325628318767 2.7962555613377562 11.500000000000002 1.7554514303029656 4.5473328646497313 21.834142764410114 4.4192853990379897 388.0106664452527 45.401154322626589 73.658474105756127 2.3614720883526483 5.636066131217758 346.10026999613137 86.727183315556161 95.236706380368034
decision_type=2 2 2 2 2 2 2 2 2 2 2 2 2 2 2 2 2 2 2
left_child=2 6 3 4 9 -6 10 -5 -9 -1 11 -2 -4 14 -14 -15 -12 -8 -19
right_child=1 -3 12 7 5 -7 17 8 -10 -11 16 -13 13 15 -16 -17 -18 18 -20
leaf_value=-0.00054928141907427679 2.4470322471891202e-05 0.0010666255420905405 -0.00022160022025473596 0.00046244953876285923 -0.00034371953612373377 0.00010789088557677103 0.0007475986684702577 -0.00018917547260571154 0.00031439345823761457 -0.00022226378581466488 0.00016981857643074007 0.00036060307006118816 0.00035179176283557298 4.859830766903219e-05 5.5958051879842817e-05 -0.00038254938499303538 0.00038081825415125641 0.00010573606879916041 0.00054051733636614784
leaf_weight=49 220 28 41 34 66 155 31 64 29 883 177 50 102 107 119 25 157 30 33
leaf_count=49 220 28 41 34 66 155 31 64 29 883 177 50 102 107 119 25 157 30 33
internal_value=-1.99339e-13 0.000258003 -0.000111894 -0.000169065 -0.00019873 -2.69792e-05 0.000225565 0.000100263 -3.21486e-05 -0.000239457 0.000187517 8.67171e-05 7.38387e-05 0.000108153 0.000192497 -3.30585e-05 0.000269001 0.00047005 0.000333479
internal_weight=2400 726 1674 1280 1153 221 698 127 93 932 604 270 394 353 221 132 334 94 63
internal_count=2400 726 1674 1280 1153 221 698 127 93 932 604 270 394 353 221 132 334 94 63
is_linear=0
shrinkage=0.06


Tree=68
num_leaves=24
num_cat=0
split_feature=5 13 4 2 16 3 4 5 2 2 1 17 5 17 2 3 1 3 0 4 3 4 17
split_gain=0.0171152 0.00482439 0.00375418 0.00241125 0.0020336 0.00222079 0.0019946 0.00194738 0.00190033 0.00171698 0.00305427 0.00134053 0.00133638 0.00133186 0.00133008 0.00122662 0.00121617 0.0011619 0.00097916 0.000828575 0.000665867 0.0010337 0.000685425
threshold=6.5000000000000009 1.5000000000000002 1.6621750794027215 2.3127023129025104 80.060820907255831 2.6918157155286395 2.10722178569858 2.5000000000000004 4.501709650830314 5.4839974341033662 72.564992200412533 13.000562536930287 8.5000000000000018 3.0231518061301608 2.5725542304232469 2.4936385751556251 59.632028909073235 2.0088388797042556 289.7405762131458 2.3199738329511508 2.3144791148355934 1.9331931030542073 2.3477491585474559
decision_type=2 2 2 2 2 2 2 2 2 2 2 2 2 2 2 2 2 2 2 2 2 2 2
left_child=2 6 3 4 11 -6 9 14 15 10 -2 -1 -11 -9 -5 18 -17 19 -4 -8 21 -10 -22
right_child=1 -3 8 7 5 -7 17 13 20 12 -12 -13 -14 -15 -16 16 -18 -19 -20 -21 22 -23 -24
leaf_value=-0.00026333411345525653 0.00011585422248684615 0.0010026280115458315 8.656911904953659e-05 7.4827261113872122e-05 -0.00030677467913847067 0.00040010368220464441 0.00017216969873419308 -0.00017630780655440191 0.00049822895559303176 -0.00017537187219311494 0.00051528730710024802 -0.00053565558205634627 0.00013058031765887369 3.9881762882704721e-05 -0.00028173253886820161 0.0001927624134276452 -0.0002755344666254062 0.0006175383352389444 -0.00031205458943776854 0.00046371417775454963 0.00033122373595833774 5.1144236128713035e-05 -6.5578497846477789e-05
leaf_weight=331 251 28 31 45 32 32 94 146 52 85 95 81 130 345 231 86 26 49 78 56 25 29 42
leaf_count=331 251 28 31 45 32 32 94 146 52 85 95 81 130 345 231 86 26 49 78 56 25 29 42
internal_value=-4.85363e-13 0.000229169 -0.000112026 -0.000161915 -0.000267994 4.66645e-05 0.000200674 -9.60818e-05 5.60283e-05 0.000142782 0.000225525 -0.000316873 9.62248e-06 -2.44027e-05 -0.000223598 -5.53979e-05 8.40506e-05 0.000363876 -0.000198685 0.000281013 0.000222415 0.000338162 8.2482e-05
internal_weight=2400 788 1612 1243 476 64 760 767 369 561 346 412 215 491 276 221 112 199 109 150 148 81 67
internal_count=2400 788 1612 1243 476 64 760 767 369 561 346 412 215 491 276 221 112 199 109 150 148 81 67
is_linear=0
shrinkage=0.06


Tree=69
num_leaves=19
num_cat=0
split_feature=11 8 0 4 4 13 1 4 1 16 16 16 16 16 0 17 16 16
split_gain=0.0153782 0.0045672 0.00288537 0.00244357 0.00194864 0.00184757 0.00177186 0.00154597 0.00133066 0.0013089 0.0023574 0.00141718 0.00123011 0.00106963 0.000802153 0.000693809 0.0011236 0.000643701
threshold=1.0000000180025095e-35 2.5000000000000004 210.52574437702907 1.1625829215794179 1.9907862439953314 1.0000000180025095e-35 71.140821732557427 1.3657802451689522 59.865069398820403 73.865170120468576 72.441516769428333 77.688148385413385 70.261925125095402 82.291347672917254 325.33365633241152 12.689416145034581 72.798047011925618 64.274323216616565
decision_type=2 2 2 2 2 2 2 2 2 2 2 2 2 2 2 2 2 2
left_child=2 4 7 15 9 6 -5 12 -7 10 -2 -11 17 14 -6 16 -4 -1
right_child=1 -3 3 5 13 8 -8 -9 -10 11 -12 -13 -14 -15 -16 -17 -18 -19
leaf_value=-0.00021688710898160933 0.00012161531959829572 0.0009976592987193725 -0.00045759436640310016 -0.00010652317442337251 -2.6950068581341342e-05 0.00032819184190776098 0.0003854590912427132 -0.00076434288414255257 -3.0314381931800329e-05 -0.0002032561220585194 0.00064280545405511348 0.00011865565164510206 3.2566607659382203e-05 0.00060721192769158411 0.00028655079606866834 -0.00059967627185547059 -1.4164016271630922e-05 -0.00062170840919979157
leaf_weight=26 291 25 48 1100 33 67 27 31 84 85 35 117 31 34 268 31 36 31
leaf_count=26 291 25 48 1100 33 67 27 31 84 85 35 117 31 34 268 31 36 31
internal_value=-3.79873e-13 0.000198184 -0.000116394 -9.2168e-05 0.000175024 -6.83299e-05 -9.47366e-05 -0.000399976 0.000128758 0.000103209 0.000177571 -1.68023e-05 -0.000271619 0.000288213 0.00025218 -0.000357082 -0.000267553 -0.000437053
internal_weight=2400 888 1512 1393 863 1278 1127 119 151 528 326 202 88 335 301 115 84 57
internal_count=2400 888 1512 1393 863 1278 1127 119 151 528 326 202 88 335 301 115 84 57
is_linear=0
shrinkage=0.06


Tree=70
num_leaves=20
num_cat=0
split_feature=13 13 5 4 0 4 16 3 3 0 5 12 16 4 3 2 2 17 17
split_gain=0.0136248 0.00397067 0.00369799 0.00165803 0.00179126 0.00148093 0.00167848 0.00174012 0.00146521 0.00139342 0.00137452 0.00123138 0.00143864 0.0011391 0.00105902 0.00104669 0.00102118 0.000862551 0.00081718
threshold=1.0000000180025095e-35 1.5000000000000002 4.5000000000000009 1.8714785021107203 316.35234931526037 1.1562387555236426 73.452826853600897 2.8420234188851148 2.0088388797042556 240.32519238635777 12.500000000000002 1.0000000180025095e-35 68.697257531777851 1.7190656458564495 2.8124183088376795 5.7347084887387254 2.898283680246414 8.859039144788996 2.8706977328469763
decision_type=2 2 2 2 2 2 2 2 2 2 2 2 2 2 2 2 2 2 2
left_child=2 10 5 8 -5 6 7 -1 -4 -10 16 13 -13 -7 -8 -6 -2 -18 -12
right_child=1 -3 3 4 15 11 14 -9 9 -11 18 12 -14 -15 -16 -17 17 -19 -20
leaf_value=-0.00011000008814824888 -0.00019634870605336296 0.00091766899784228629 -0.00037719582765069053 -0.00013212463897352498 0.00058865618201283114 -0.000178242319147673 -0.00035070646852254867 -0.00070397431903984392 -0.0003323048609029054 4.2770959797648028e-05 0.00024261455917999578 0.00029668945023238809 -0.00013831674997251661 9.5208004848060783e-05 0.00020155917601659895 0.00010444715791381895 0.00011064835970434175 0.00025242859397091153 0.0007138951937668025
leaf_weight=26 27 28 38 31 45 778 25 56 39 416 26 49 62 59 25 25 313 305 27
leaf_count=26 27 28 38 31 45 778 25 56 39 416 26 49 62 59 25 25 313 305 27
internal_value=4.40309e-13 0.00021708 -9.41458e-05 2.61014e-05 0.000247573 -0.000160282 -0.00034857 -0.000515641 -1.9271e-05 1.06216e-05 0.000188976 -0.000134064 5.3713e-05 -0.000158967 -7.45736e-05 0.000415724 0.000164841 0.000180621 0.000482701
internal_weight=2400 726 1674 594 101 1080 132 82 493 455 698 948 111 837 50 70 645 618 53
internal_count=2400 726 1674 594 101 1080 132 82 493 455 698 948 111 837 50 70 645 618 53
is_linear=0
shrinkage=0.06


Tree=71
num_leaves=19
num_cat=0
split_feature=10 8 1 5 16 8 16 16 16 12 16 3 0 1 1 0 3 16
split_gain=0.0122902 0.00422365 0.00237757 0.00181655 0.00171232 0.00178451 0.00154333 0.00264349 0.00175576 0.00133302 0.00130285 0.00126868 0.0012302 0.00121259 0.0016249 0.00120597 0.000966184 0.00089334
threshold=1.0000000180025095e-35 2.5000000000000004 72.564992200412533 5.5000000000000009 70.214435656445289 1.0000000180025095e-35 73.584867657338251 81.099778655068732 72.441516769428333 1.0000000180025095e-35 75.934985505800725 2.3388643819865185 210.52574437702907 74.731651000045517 79.494537093980256 289.7405762131458 2.6883328235047603 75.715271667953203
decision_type=2 2 2 2 2 2 2 2 2 2 2 2 2 2 2 2 2 2
left_child=3 2 6 9 5 -5 8 -8 -2 10 12 -11 -1 -4 -15 -12 -13 -6
right_child=1 -3 13 4 17 -7 7 -9 -10 11 15 16 -14 14 -16 -17 -18 -19
leaf_value=-0.00041543524755564121 7.7919351262174292e-05 0.00090984515883028502 0.00051292804341848783 0.00054107321641192981 -0.00038144605615260928 -2.2559802912707839e-05 -0.00020512293867341213 0.00026474539861398735 0.00047910078536302151 -0.0002847447421455789 -0.00014999578992899387 0.0003943074397791765 -0.00019262027662311665 3.3601462197501466e-06 0.0002741862741786069 0.00013372668743540997 -7.0188850014736616e-05 2.2396026107919765e-05
leaf_weight=105 453 25 49 39 33 42 160 59 43 28 192 38 593 112 277 75 28 49
leaf_count=105 453 25 49 39 33 42 160 59 43 28 192 38 593 112 277 75 28 49
internal_value=7.41977e-13 0.000138289 0.00012156 -0.00013331 5.31536e-05 0.000248819 5.41246e-05 -7.85374e-05 0.000112699 -0.00016201 -0.00018302 5.3676e-05 -0.000226138 0.000231642 0.000196211 -7.02985e-05 0.000197248 -0.000140126
internal_weight=2400 1178 1153 1222 163 81 715 219 496 1059 965 94 698 438 389 267 66 82
internal_count=2400 1178 1153 1222 163 81 715 219 496 1059 965 94 698 438 389 267 66 82
is_linear=0
shrinkage=0.06


Tree=72
num_leaves=17
num_cat=0
split_feature=5 6 13 0 5 17 0 16 16 16 16 1 16 16 16 16
split_gain=0.0110002 0.00323227 0.00268158 0.00177992 0.00147671 0.00217093 0.00118375 0.00125287 0.00237922 0.00121635 0.00116458 0.00110688 0.00105688 0.00113259 0.0028496 0.00118178
threshold=7.5000000000000009 1.0000000180025095e-35 1.5000000000000002 192.72306660255589 5.5000000000000009 11.973474961069865 250.23722288951541 73.369120846425957 74.945912566015224 63.669674906731764 77.003134603285744 45.294886339004087 82.291347672917254 73.865170120468576 72.441516769428333 75.508224235411362
decision_type=2 2 2 2 2 2 2 2 2 2 2 2 2 2 2 2
left_child=1 3 12 -1 10 -6 11 9 -9 -8 -5 -3 13 14 -2 -15
right_child=2 6 -4 4 5 -7 7 8 -10 -11 -12 -13 -14 15 -16 -17
leaf_value=-0.00053949060621492277 0.00015863620546853683 4.2498468467965719e-05 0.00080886650933987561 -0.00018745213263976544 -9.656922729938464e-05 0.0005449784863490744 -4.1460413620731693e-05 -0.00039719248333783285 3.1191832765281226e-05 0.00018017289369797048 -3.1382819628378567e-05 -0.00050229149750144822 0.00046304604874885808 -0.00028566634361221286 0.00063622044625495048 0.00012597276394444635
leaf_weight=39 333 25 27 693 59 28 131 58 239 279 229 29 49 34 52 96
leaf_count=39 333 25 27 693 59 28 131 58 239 279 229 29 49 34 52 96
internal_value=1.17182e-12 -7.34211e-05 0.000224736 -0.000141765 -0.000126392 0.000109906 2.06973e-05 4.13785e-05 -5.24657e-05 0.000109358 -0.000148689 -0.000250074 0.000196772 0.000171437 0.000223141 1.83133e-05
internal_weight=2400 1809 591 1048 1009 87 761 707 297 410 922 54 564 515 385 130
internal_count=2400 1809 591 1048 1009 87 761 707 297 410 922 54 564 515 385 130
is_linear=0
shrinkage=0.06


Tree=73
num_leaves=18
num_cat=0
split_feature=11 8 5 13 1 1 5 3 1 0 3 0 3 1 17 4 0
split_gain=0.00992551 0.00326164 0.00209418 0.00183615 0.00157422 0.00155423 0.00145294 0.00142592 0.00141415 0.00126944 0.00117343 0.00115663 0.00114938 0.00108064 0.00075236 0.00146242 0.000668838
threshold=1.0000000180025095e-35 2.5000000000000004 1.0000000180025095e-35 1.0000000180025095e-35 21.834142764410114 59.865069398820403 2.5000000000000004 2.2725219816530018 71.140821732557427 329.29179628110955 2.2355300314063382 314.73343158077631 2.6119426347608461 51.739466493600126 2.8706977328469763 1.2753986063174898 249.72784541108845
decision_type=2 2 2 2 2 2 2 2 2 2 2 2 2 2 2 2 2
left_child=2 6 12 4 -4 13 -2 10 -6 -7 -8 -9 -1 -5 15 -14 -16
right_child=1 -3 3 5 8 9 7 11 -10 -11 -12 -13 14 -15 16 -17 -18
leaf_value=-0.00057696734693505475 -0.00031108930134214461 0.00083483072330709548 -0.00052028191206045455 0.00013149730136189776 -9.0387640888784019e-05 -0.00030568640067940572 0.00018685678738049753 0.00017268887058002647 0.00034908884256664249 0.00016778698235631306 0.0005851286771524298 -7.865844294018913e-05 -0.00071165397333411071 0.0006267746637378626 -0.00021047707559773698 -6.8943081772886213e-05 0.00011838492156276779
leaf_weight=37 25 25 30 35 1110 36 545 123 27 47 28 142 26 29 79 25 31
leaf_count=37 25 25 30 35 1110 36 545 123 27 47 28 142 26 29 79 25 31
internal_value=-9.68726e-14 0.000159218 -9.35088e-05 -6.60983e-05 -9.12711e-05 0.000133743 0.000139646 0.000153093 -7.99515e-05 -3.7575e-05 0.000206319 3.80046e-05 -0.000275415 0.00035592 -0.000206114 -0.0003966 -0.000117798
internal_weight=2400 888 1512 1314 1167 147 863 838 1137 83 573 265 198 64 161 51 110
internal_count=2400 888 1512 1314 1167 147 863 838 1137 83 573 265 198 64 161 51 110
is_linear=0
shrinkage=0.06


Tree=74
num_leaves=20
num_cat=0
split_feature=5 10 4 17 17 2 3 17 5 5 1 17 1 1 1 17 16 17 3
split_gain=0.00881315 0.00302056 0.00212881 0.00150399 0.00179732 0.00163977 0.00147807 0.00146901 0.00145165 0.00135529 0.00214502 0.00125474 0.00229745 0.00182996 0.0011907 0.00118525 0.00115767 0.00106755 0.00101049
threshold=7.5000000000000009 1.0000000180025095e-35 2.306383713742723 9.2680376800006705 13.290141475667555 5.9091113451558668 2.1114253166494881 11.323952277474524 2.5000000000000004 10.500000000000002 87.957976723148093 14.079532153361844 41.143346322513487 19.335989707083097 79.494537093980256 14.354120563299796 55.937913260552889 1.6072268976583368 1.6198472499078456
decision_type=2 2 2 2 2 2 2 2 2 2 2 2 2 2 2 2 2 2 2
left_child=1 6 3 9 5 -5 -1 18 -3 14 -11 13 -13 -8 -2 -6 -10 -18 -4
right_child=2 8 7 4 15 -7 11 -9 16 10 -12 12 -14 -15 -16 -17 17 -19 -20
leaf_value=-0.00053050668820017765 -0.00012789841962157115 -0.00029878384550102054 9.3407112660563802e-05 0.00057983331606374113 -0.00014520207574605592 0.00016082465922503115 -0.00059425961184315381 0.00086445755213499073 -0.00033278099390154236 0.00064764875003264376 -8.3858253201469769e-05 -0.00052616022403210235 -4.4875990759071613e-05 -7.4488848220629744e-05 0.00018306675650276685 0.00025055375088760186 -6.41809950783764e-05 0.0001314347672554764 0.00058346384159189523
leaf_weight=31 131 42 33 80 48 58 25 25 25 31 27 69 74 991 67 63 132 420 28
leaf_count=31 131 42 33 80 48 58 25 25 25 31 27 69 74 991 67 63 132 420 28
internal_value=3.9704e-13 -6.57182e-05 0.000201158 0.000154165 0.000259155 0.000403728 -0.000121636 0.000477103 4.17807e-05 5.20458e-05 0.00030712 -0.0001107 -0.000277104 -8.72785e-05 -2.26728e-05 7.94161e-05 6.65705e-05 8.46571e-05 0.000318351
internal_weight=2400 1809 591 505 249 138 1190 86 619 256 58 1159 143 1016 198 111 577 552 61
internal_count=2400 1809 591 505 249 138 1190 86 619 256 58 1159 143 1016 198 111 577 552 61
is_linear=0
shrinkage=0.06


end of trees

feature_importances:
tap_latency_std_ms=234
stroke_hesitation_count=224
tap_latency_mean_ms=220
stroke_curvature_index=208
age=83
sampling_interval_jitter_ms=74
faq_home_safety_awareness=68
faq_transport_navigation=61
faq_remembering_appointments=61
education_years=55
faq_medication_compliance=52
faq_personal_grooming=52
faq_meal_preparation=52
finger_lift_velocity_px_ms=51
faq_telephone_communication=51
faq_financial_handling=48
faq_cooking_stove_safety=43
faq_orientation_time_space=35

parameters:
[boosting: gbdt]
[objective: regression]
[metric: l2]
[tree_learner: serial]
[device_type: cpu]
[data_sample_strategy: bagging]
[data: ]
[valid: ]
[num_iterations: 75]
[learning_rate: 0.06]
[num_leaves: 24]
[num_threads: 4]
[seed: 42]
[deterministic: 0]
[force_col_wise: 0]
[force_row_wise: 0]
[histogram_pool_size: -1]
[max_depth: 5]
[min_data_in_leaf: 25]
[min_sum_hessian_in_leaf: 0.001]
[bagging_fraction: 0.85]
[pos_bagging_fraction: 1]
[neg_bagging_fraction: 1]
[bagging_freq: 0]
[bagging_seed: 400]
[bagging_by_query: 0]
[feature_fraction: 0.85]
[feature_fraction_bynode: 1]
[feature_fraction_seed: 30056]
[extra_trees: 0]
[extra_seed: 12879]
[early_stopping_round: 0]
[early_stopping_min_delta: 0]
[first_metric_only: 0]
[max_delta_step: 0]
[lambda_l1: 0]
[lambda_l2: 0]
[linear_lambda: 0]
[min_gain_to_split: 0]
[drop_rate: 0.1]
[max_drop: 50]
[skip_drop: 0.5]
[xgboost_dart_mode: 0]
[uniform_drop: 0]
[drop_seed: 17869]
[top_rate: 0.2]
[other_rate: 0.1]
[min_data_per_group: 100]
[max_cat_threshold: 32]
[cat_l2: 10]
[cat_smooth: 10]
[max_cat_to_onehot: 4]
[top_k: 20]
[monotone_constraints: ]
[monotone_constraints_method: basic]
[monotone_penalty: 0]
[feature_contri: ]
[forcedsplits_filename: ]
[refit_decay_rate: 0.9]
[cegb_tradeoff: 1]
[cegb_penalty_split: 0]
[cegb_penalty_feature_lazy: ]
[cegb_penalty_feature_coupled: ]
[path_smooth: 0]
[interaction_constraints: ]
[verbosity: -1]
[saved_feature_importance_type: 0]
[use_quantized_grad: 0]
[num_grad_quant_bins: 4]
[quant_train_renew_leaf: 0]
[stochastic_rounding: 1]
[linear_tree: 0]
[max_bin: 255]
[max_bin_by_feature: ]
[min_data_in_bin: 3]
[bin_construct_sample_cnt: 200000]
[data_random_seed: 175]
[is_enable_sparse: 1]
[enable_bundle: 1]
[use_missing: 1]
[zero_as_missing: 0]
[feature_pre_filter: 1]
[pre_partition: 0]
[two_round: 0]
[header: 0]
[label_column: ]
[weight_column: ]
[group_column: ]
[ignore_column: ]
[categorical_feature: ]
[forcedbins_filename: ]
[precise_float_parser: 0]
[parser_config_file: ]
[objective_seed: 16083]
[num_class: 1]
[is_unbalance: 0]
[scale_pos_weight: 1]
[sigmoid: 1]
[boost_from_average: 1]
[reg_sqrt: 0]
[alpha: 0.9]
[fair_c: 1]
[poisson_max_delta_step: 0.7]
[tweedie_variance_power: 1.5]
[lambdarank_truncation_level: 30]
[lambdarank_norm: 1]
[label_gain: ]
[lambdarank_position_bias_regularization: 0]
[eval_at: ]
[multi_error_top_k: 1]
[auc_mu_weights: ]
[num_machines: 1]
[local_listen_port: 12400]
[time_out: 120]
[machine_list_filename: ]
[machines: ]
[gpu_platform_id: -1]
[gpu_device_id: -1]
[gpu_device_id_list: ]
[gpu_use_dp: 0]
[num_gpu: 1]

end of parameters

pandas_categorical:[]
